delivery_id,order_id,driver_id,pickup_ts,dropoff_ts,distance_km,delivery_status
800001,200001,99,2024-04-10 16:44:00,2024-04-10 17:18:00,13.32,completed
800002,200002,43,2024-02-04 09:12:00,2024-02-04 09:43:00,15.51,completed
800003,200003,78,2024-04-24 11:04:00,2024-04-24 11:32:00,7.87,completed
800004,200004,82,2024-06-20 00:38:00,2024-06-20 01:24:00,16.67,completed
800005,200005,2,2024-03-21 03:59:00,2024-03-21 04:21:00,4.21,completed
800006,200006,71,2024-06-15 00:31:00,2024-06-15 01:11:00,7.6,completed
800007,200007,23,2024-04-09 19:28:00,2024-04-09 20:13:00,2.65,completed
800008,200009,19,2024-02-01 18:20:00,2024-02-01 18:53:00,3.15,completed
800009,200010,66,2024-04-21 19:19:00,2024-04-21 19:54:00,8.12,completed
800010,200011,69,2024-01-09 19:06:00,2024-01-09 19:47:00,2.03,completed
800011,200012,23,2024-06-22 15:42:00,2024-06-22 16:12:00,2.19,completed
800012,200014,62,2024-05-09 05:12:00,2024-05-09 05:43:00,5.95,completed
800013,200015,64,2024-03-02 00:26:00,2024-03-02 00:47:00,15.85,completed
800014,200016,92,2024-06-20 04:20:00,2024-06-20 04:41:00,2.91,completed
800015,200017,2,2024-05-22 04:09:00,2024-05-22 04:50:00,17.08,completed
800016,200018,101,2024-05-15 02:30:00,2024-05-15 03:20:00,5.23,completed
800017,200019,76,2024-04-09 05:56:00,2024-04-09 06:19:00,3.78,completed
800018,200021,29,2024-05-08 03:44:00,2024-05-08 04:16:00,15.94,completed
800019,200022,102,2024-04-06 08:01:00,2024-04-06 08:55:00,7.83,completed
800020,200023,81,2024-06-02 01:45:00,2024-06-02 02:35:00,7.28,completed
800021,200024,9,2024-06-16 16:30:00,2024-06-16 17:15:00,16.71,completed
800022,200025,31,2024-02-14 18:44:00,2024-02-14 19:07:00,10.85,completed
800023,200028,17,2024-05-27 21:46:00,2024-05-27 22:03:00,16.57,completed
800024,200029,74,2024-01-23 21:30:00,2024-01-23 22:23:00,16.75,completed
800025,200030,118,2024-02-26 19:59:00,2024-02-26 20:21:00,6.1,completed
800026,200031,101,2024-05-14 02:06:00,2024-05-14 02:42:00,1.31,completed
800027,200032,120,2024-05-18 11:38:00,2024-05-18 12:03:00,1.55,completed
800028,200033,18,2024-06-26 05:45:00,2024-06-26 06:23:00,5.49,completed
800029,200034,97,2024-05-22 17:11:00,2024-05-22 17:38:00,1.13,completed
800030,200035,38,2024-04-17 05:39:00,2024-04-17 06:03:00,9.07,completed
800031,200036,22,2024-04-04 08:30:00,2024-04-04 08:49:00,11.81,completed
800032,200037,56,2024-05-29 16:10:00,2024-05-29 17:04:00,13.42,completed
800033,200038,103,2024-04-30 20:00:00,2024-04-30 20:51:00,6.78,completed
800034,200041,84,2024-05-06 12:32:00,2024-05-06 13:06:00,3.28,completed
800035,200042,39,2024-06-09 21:54:00,2024-06-09 22:33:00,2.7,completed
800036,200044,92,2024-01-16 16:51:00,2024-01-16 17:03:00,17.89,completed
800037,200045,85,2024-02-10 13:30:00,2024-02-10 14:06:00,6.73,completed
800038,200046,114,2024-01-13 14:44:00,2024-01-13 15:00:00,14.06,completed
800039,200047,13,2024-01-18 10:50:00,2024-01-18 11:35:00,7.85,completed
800040,200048,13,2024-01-14 17:15:00,2024-01-14 17:40:00,9.7,completed
800041,200050,26,2024-04-28 01:30:00,2024-04-28 01:49:00,11.1,completed
800042,200052,64,2024-03-31 13:49:00,2024-03-31 14:30:00,9.73,completed
800043,200055,109,2024-04-26 02:29:00,2024-04-26 03:17:00,8.87,completed
800044,200056,59,2024-04-06 12:33:00,2024-04-06 13:06:00,10.69,completed
800045,200058,2,2024-01-02 00:18:00,2024-01-02 00:38:00,6.41,completed
800046,200059,54,2024-06-11 14:51:00,2024-06-11 15:26:00,17.48,completed
800047,200061,8,2024-05-17 12:30:00,2024-05-17 13:19:00,15.02,completed
800048,200062,53,2024-01-13 13:17:00,2024-01-13 13:53:00,12.0,completed
800049,200063,26,2024-06-07 13:06:00,2024-06-07 14:01:00,10.22,completed
800050,200064,100,2024-03-29 08:11:00,2024-03-29 09:00:00,6.63,completed
800051,200065,108,2024-04-29 18:44:00,2024-04-29 19:38:00,14.59,completed
800052,200067,99,2024-06-06 20:35:00,2024-06-06 21:03:00,14.84,completed
800053,200068,20,2024-05-20 06:44:00,2024-05-20 06:59:00,13.55,completed
800054,200070,52,2024-01-08 13:02:00,2024-01-08 13:20:00,14.71,completed
800055,200071,91,2024-03-01 04:06:00,2024-03-01 05:00:00,2.72,completed
800056,200072,53,2024-05-31 17:54:00,2024-05-31 18:46:00,7.16,completed
800057,200074,41,2024-03-28 05:18:00,2024-03-28 05:47:00,10.48,completed
800058,200076,33,2024-06-24 23:01:00,2024-06-24 23:29:00,10.28,completed
800059,200077,78,2024-01-08 23:53:00,2024-01-09 00:35:00,13.62,completed
800060,200078,18,2024-06-12 03:16:00,2024-06-12 04:10:00,7.1,completed
800061,200079,38,2024-05-02 03:39:00,2024-05-02 04:11:00,10.18,completed
800062,200080,115,2024-03-12 07:32:00,2024-03-12 07:55:00,16.84,completed
800063,200082,73,2024-03-17 20:59:00,2024-03-17 21:45:00,5.61,completed
800064,200083,42,2024-01-03 01:30:00,2024-01-03 01:45:00,15.78,completed
800065,200084,108,2024-06-06 00:00:00,2024-06-06 00:20:00,10.66,completed
800066,200085,77,2024-05-01 13:01:00,2024-05-01 13:33:00,9.22,completed
800067,200086,26,2024-05-30 00:49:00,2024-05-30 01:22:00,2.01,completed
800068,200088,30,2024-06-19 15:23:00,2024-06-19 15:53:00,4.69,completed
800069,200089,116,2024-02-05 01:52:00,2024-02-05 02:41:00,7.71,completed
800070,200090,108,2024-01-26 06:55:00,2024-01-26 07:19:00,15.42,completed
800071,200091,95,2024-03-29 22:21:00,2024-03-29 23:04:00,17.74,completed
800072,200092,88,2024-04-03 23:42:00,2024-04-04 00:08:00,2.96,completed
800073,200094,54,2024-05-16 05:45:00,2024-05-16 06:21:00,2.01,completed
800074,200095,108,2024-03-07 11:14:00,2024-03-07 11:38:00,9.96,completed
800075,200096,107,2024-02-08 06:13:00,2024-02-08 07:05:00,2.28,completed
800076,200097,62,2024-01-29 14:08:00,2024-01-29 14:34:00,16.27,completed
800077,200098,44,2024-03-28 09:21:00,2024-03-28 09:53:00,2.03,completed
800078,200099,107,2024-01-24 13:30:00,2024-01-24 14:09:00,17.83,completed
800079,200100,55,2024-01-22 19:19:00,2024-01-22 19:35:00,3.21,completed
800080,200102,47,2024-03-14 21:35:00,2024-03-14 22:16:00,13.87,completed
800081,200104,30,2024-03-10 18:35:00,2024-03-10 19:21:00,5.07,completed
800082,200107,3,2024-06-13 13:34:00,2024-06-13 14:01:00,1.65,completed
800083,200110,116,2024-06-20 09:29:00,2024-06-20 09:56:00,6.36,completed
800084,200111,100,2024-04-15 18:55:00,2024-04-15 19:09:00,10.74,completed
800085,200112,69,2024-06-07 08:23:00,2024-06-07 09:05:00,12.87,completed
800086,200113,21,2024-05-21 10:01:00,2024-05-21 10:53:00,16.26,completed
800087,200114,78,2024-06-05 09:17:00,2024-06-05 09:56:00,8.6,completed
800088,200115,3,2024-02-10 00:22:00,2024-02-10 01:09:00,13.78,completed
800089,200116,89,2024-03-04 00:00:00,2024-03-04 00:12:00,6.32,completed
800090,200117,51,2024-01-17 02:04:00,2024-01-17 02:55:00,2.29,completed
800091,200118,64,2024-06-19 07:42:00,2024-06-19 08:05:00,16.81,completed
800092,200119,14,2024-01-16 20:58:00,2024-01-16 21:10:00,15.71,completed
800093,200121,26,2024-05-31 15:07:00,2024-05-31 15:58:00,14.67,completed
800094,200122,45,2024-05-21 12:04:00,2024-05-21 12:47:00,13.88,completed
800095,200123,88,2024-06-23 23:01:00,2024-06-23 23:30:00,14.23,completed
800096,200124,77,2024-05-31 19:09:00,2024-05-31 19:31:00,14.38,completed
800097,200126,113,2024-05-01 13:15:00,2024-05-01 13:39:00,4.0,completed
800098,200127,35,2024-06-12 15:01:00,2024-06-12 15:14:00,9.65,completed
800099,200128,100,2024-06-29 14:24:00,2024-06-29 15:15:00,16.15,completed
800100,200129,31,2024-05-11 06:33:00,2024-05-11 06:52:00,11.23,completed
800101,200130,68,2024-02-08 18:25:00,2024-02-08 18:50:00,10.15,completed
800102,200131,22,2024-01-09 01:53:00,2024-01-09 02:07:00,5.14,completed
800103,200132,21,2024-05-12 03:02:00,2024-05-12 03:23:00,2.85,completed
800104,200133,15,2024-04-16 04:54:00,2024-04-16 05:42:00,6.59,completed
800105,200134,53,2024-02-24 19:29:00,2024-02-24 20:17:00,12.33,completed
800106,200136,13,2024-04-23 15:01:00,2024-04-23 15:17:00,17.12,completed
800107,200137,92,2024-04-25 11:30:00,2024-04-25 11:58:00,1.97,completed
800108,200139,83,2024-06-06 06:37:00,2024-06-06 07:15:00,9.57,completed
800109,200140,53,2024-05-31 04:57:00,2024-05-31 05:22:00,3.4,completed
800110,200141,111,2024-01-15 00:54:00,2024-01-15 01:19:00,11.39,completed
800111,200142,113,2024-05-17 23:55:00,2024-05-18 00:30:00,17.79,completed
800112,200143,74,2024-05-07 14:21:00,2024-05-07 15:08:00,3.45,completed
800113,200144,18,2024-04-13 21:57:00,2024-04-13 22:42:00,9.44,completed
800114,200145,61,2024-05-19 17:32:00,2024-05-19 17:57:00,6.17,completed
800115,200147,54,2024-05-25 12:09:00,2024-05-25 12:44:00,2.24,completed
800116,200148,24,2024-02-06 02:15:00,2024-02-06 02:57:00,13.65,completed
800117,200150,89,2024-02-06 22:19:00,2024-02-06 22:36:00,9.88,completed
800118,200151,98,2024-04-15 18:36:00,2024-04-15 18:57:00,8.93,completed
800119,200152,78,2024-06-21 12:19:00,2024-06-21 12:51:00,13.78,completed
800120,200153,108,2024-04-13 15:41:00,2024-04-13 15:56:00,17.31,completed
800121,200155,75,2024-04-03 18:35:00,2024-04-03 19:26:00,3.69,completed
800122,200156,109,2024-04-25 04:05:00,2024-04-25 04:58:00,6.16,completed
800123,200157,95,2024-03-02 03:48:00,2024-03-02 04:39:00,7.89,completed
800124,200158,117,2024-03-11 02:51:00,2024-03-11 03:34:00,1.62,completed
800125,200159,101,2024-04-05 10:30:00,2024-04-05 10:48:00,2.95,completed
800126,200160,80,2024-03-12 07:43:00,2024-03-12 08:32:00,12.43,completed
800127,200161,99,2024-06-24 09:54:00,2024-06-24 10:07:00,17.72,completed
800128,200164,91,2024-04-19 16:38:00,2024-04-19 16:59:00,11.22,completed
800129,200165,38,2024-01-07 03:52:00,2024-01-07 04:11:00,2.97,completed
800130,200166,108,2024-06-20 16:26:00,2024-06-20 16:38:00,12.21,completed
800131,200167,92,2024-05-12 03:54:00,2024-05-12 04:23:00,7.94,completed
800132,200168,51,2024-05-17 20:00:00,2024-05-17 20:33:00,5.11,completed
800133,200169,91,2024-06-29 08:15:00,2024-06-29 08:32:00,15.36,completed
800134,200170,5,2024-04-07 15:51:00,2024-04-07 16:20:00,1.08,completed
800135,200172,85,2024-06-17 17:01:00,2024-06-17 17:33:00,6.38,completed
800136,200173,116,2024-03-24 20:32:00,2024-03-24 20:52:00,1.57,completed
800137,200174,28,2024-04-16 09:23:00,2024-04-16 10:00:00,1.22,completed
800138,200176,40,2024-02-27 09:57:00,2024-02-27 10:25:00,7.71,completed
800139,200177,66,2024-03-27 00:59:00,2024-03-27 01:37:00,7.26,completed
800140,200180,24,2024-03-07 08:35:00,2024-03-07 09:01:00,11.8,completed
800141,200182,58,2024-03-03 23:59:00,2024-03-04 00:13:00,16.04,completed
800142,200186,59,2024-04-29 20:21:00,2024-04-29 21:02:00,14.6,completed
800143,200187,27,2024-03-14 00:38:00,2024-03-14 01:02:00,13.73,completed
800144,200189,52,2024-05-19 10:30:00,2024-05-19 10:45:00,6.57,completed
800145,200190,22,2024-03-19 09:47:00,2024-03-19 10:16:00,15.91,completed
800146,200191,109,2024-02-05 12:33:00,2024-02-05 12:47:00,7.5,completed
800147,200192,8,2024-01-23 17:01:00,2024-01-23 17:22:00,4.38,completed
800148,200193,96,2024-05-08 13:26:00,2024-05-08 14:09:00,12.77,completed
800149,200198,57,2024-03-23 22:29:00,2024-03-23 23:07:00,2.04,completed
800150,200199,78,2024-01-28 06:26:00,2024-01-28 06:56:00,7.79,completed
800151,200200,62,2024-03-02 07:53:00,2024-03-02 08:19:00,3.98,completed
800152,200202,4,2024-06-15 16:43:00,2024-06-15 17:06:00,6.68,completed
800153,200203,103,2024-01-31 22:41:00,2024-01-31 23:31:00,8.72,completed
800154,200204,53,2024-05-04 16:46:00,2024-05-04 17:33:00,12.65,completed
800155,200205,73,2024-01-05 11:08:00,2024-01-05 11:55:00,6.8,completed
800156,200206,90,2024-04-26 11:52:00,2024-04-26 12:32:00,13.11,completed
800157,200207,64,2024-02-24 04:43:00,2024-02-24 05:16:00,1.83,completed
800158,200208,67,2024-01-20 16:46:00,2024-01-20 17:33:00,14.58,completed
800159,200209,114,2024-02-27 09:54:00,2024-02-27 10:49:00,12.46,completed
800160,200210,70,2024-02-08 02:59:00,2024-02-08 03:49:00,7.43,completed
800161,200211,31,2024-05-28 20:33:00,2024-05-28 20:56:00,9.04,completed
800162,200213,50,2024-06-04 23:14:00,2024-06-04 23:27:00,5.7,completed
800163,200214,87,2024-04-15 11:21:00,2024-04-15 11:37:00,9.93,completed
800164,200215,23,2024-06-21 04:57:00,2024-06-21 05:33:00,2.75,completed
800165,200216,53,2024-06-15 18:14:00,2024-06-15 18:58:00,16.92,completed
800166,200217,61,2024-06-13 15:38:00,2024-06-13 16:29:00,2.07,completed
800167,200218,32,2024-05-26 18:20:00,2024-05-26 19:03:00,5.23,completed
800168,200219,6,2024-05-23 10:37:00,2024-05-23 11:15:00,0.98,completed
800169,200220,55,2024-05-07 03:33:00,2024-05-07 04:03:00,13.37,completed
800170,200221,34,2024-02-20 06:53:00,2024-02-20 07:19:00,10.05,completed
800171,200222,100,2024-05-19 01:43:00,2024-05-19 02:07:00,17.06,completed
800172,200223,101,2024-02-13 01:08:00,2024-02-13 01:48:00,12.21,completed
800173,200224,29,2024-05-08 00:49:00,2024-05-08 01:23:00,11.98,completed
800174,200225,55,2024-03-27 18:24:00,2024-03-27 19:06:00,11.3,completed
800175,200226,30,2024-01-22 20:32:00,2024-01-22 20:57:00,16.17,completed
800176,200227,46,2024-03-21 15:39:00,2024-03-21 16:01:00,4.96,completed
800177,200228,81,2024-02-25 23:31:00,2024-02-26 00:12:00,10.21,completed
800178,200229,97,2024-01-17 04:46:00,2024-01-17 05:24:00,3.31,completed
800179,200230,106,2024-04-18 15:34:00,2024-04-18 16:23:00,10.49,completed
800180,200231,13,2024-03-08 11:28:00,2024-03-08 12:01:00,13.96,completed
800181,200234,43,2024-03-22 12:17:00,2024-03-22 13:07:00,11.42,completed
800182,200235,15,2024-01-27 08:38:00,2024-01-27 09:22:00,15.32,completed
800183,200239,52,2024-05-15 03:35:00,2024-05-15 04:07:00,17.31,completed
800184,200242,116,2024-06-04 00:15:00,2024-06-04 01:02:00,8.44,completed
800185,200243,96,2024-04-07 10:51:00,2024-04-07 11:27:00,8.83,completed
800186,200244,100,2024-05-05 23:46:00,2024-05-06 00:13:00,4.88,completed
800187,200246,117,2024-03-15 06:44:00,2024-03-15 07:01:00,1.46,completed
800188,200248,26,2024-03-24 11:35:00,2024-03-24 12:28:00,16.35,completed
800189,200249,16,2024-02-12 03:12:00,2024-02-12 03:32:00,1.28,completed
800190,200250,59,2024-06-08 08:22:00,2024-06-08 09:01:00,13.06,completed
800191,200251,58,2024-02-08 18:42:00,2024-02-08 18:54:00,11.1,completed
800192,200253,36,2024-02-09 13:16:00,2024-02-09 14:05:00,11.19,completed
800193,200254,57,2024-03-15 04:25:00,2024-03-15 04:39:00,3.95,completed
800194,200255,19,2024-01-24 14:01:00,2024-01-24 14:23:00,9.96,completed
800195,200257,102,2024-02-05 16:21:00,2024-02-05 16:56:00,11.29,completed
800196,200258,18,2024-04-29 14:10:00,2024-04-29 14:57:00,12.32,completed
800197,200259,103,2024-04-18 23:08:00,2024-04-18 23:47:00,12.78,completed
800198,200260,13,2024-02-21 16:36:00,2024-02-21 16:52:00,13.97,completed
800199,200262,62,2024-02-23 03:41:00,2024-02-23 03:53:00,6.81,completed
800200,200263,95,2024-03-08 05:04:00,2024-03-08 05:39:00,6.1,completed
800201,200266,48,2024-05-17 08:08:00,2024-05-17 08:56:00,5.03,completed
800202,200268,6,2024-06-27 23:18:00,2024-06-27 23:36:00,4.13,completed
800203,200273,53,2024-02-26 01:24:00,2024-02-26 02:03:00,16.14,completed
800204,200274,4,2024-03-23 13:42:00,2024-03-23 13:56:00,14.18,completed
800205,200275,29,2024-05-06 16:25:00,2024-05-06 16:58:00,6.2,completed
800206,200276,77,2024-03-27 14:44:00,2024-03-27 15:32:00,2.57,completed
800207,200278,7,2024-06-28 10:33:00,2024-06-28 10:53:00,7.63,completed
800208,200279,117,2024-01-13 09:17:00,2024-01-13 09:47:00,17.85,completed
800209,200280,9,2024-01-26 20:37:00,2024-01-26 20:59:00,14.53,completed
800210,200281,62,2024-06-22 02:02:00,2024-06-22 02:30:00,10.42,completed
800211,200282,35,2024-05-01 11:25:00,2024-05-01 11:44:00,10.27,completed
800212,200283,69,2024-02-26 03:26:00,2024-02-26 04:07:00,2.56,completed
800213,200286,107,2024-05-16 04:36:00,2024-05-16 05:28:00,12.72,completed
800214,200288,76,2024-04-20 17:15:00,2024-04-20 17:52:00,8.84,completed
800215,200289,9,2024-04-09 11:30:00,2024-04-09 12:22:00,11.45,completed
800216,200290,13,2024-02-15 17:02:00,2024-02-15 17:15:00,8.33,completed
800217,200291,79,2024-01-15 16:08:00,2024-01-15 16:54:00,8.68,completed
800218,200292,120,2024-03-09 22:55:00,2024-03-09 23:13:00,3.48,completed
800219,200294,33,2024-03-15 14:48:00,2024-03-15 15:26:00,4.38,completed
800220,200295,27,2024-01-20 23:35:00,2024-01-21 00:10:00,15.63,completed
800221,200297,106,2024-04-24 10:32:00,2024-04-24 11:05:00,14.32,completed
800222,200298,94,2024-02-17 16:37:00,2024-02-17 16:50:00,10.67,completed
800223,200299,11,2024-02-20 06:50:00,2024-02-20 07:08:00,15.39,completed
800224,200300,106,2024-03-28 15:33:00,2024-03-28 16:17:00,10.0,completed
800225,200301,15,2024-03-16 13:30:00,2024-03-16 13:56:00,12.04,completed
800226,200302,8,2024-01-13 20:07:00,2024-01-13 20:51:00,16.3,completed
800227,200304,116,2024-01-01 15:18:00,2024-01-01 15:52:00,10.04,completed
800228,200305,2,2024-01-11 23:22:00,2024-01-11 23:46:00,10.95,completed
800229,200306,97,2024-02-26 07:20:00,2024-02-26 07:54:00,4.87,completed
800230,200307,26,2024-02-25 20:47:00,2024-02-25 21:22:00,3.22,completed
800231,200308,23,2024-06-28 20:01:00,2024-06-28 20:35:00,10.21,completed
800232,200309,88,2024-03-01 11:43:00,2024-03-01 12:26:00,2.86,completed
800233,200310,108,2024-05-30 18:00:00,2024-05-30 18:18:00,17.85,completed
800234,200311,36,2024-03-22 20:26:00,2024-03-22 20:43:00,1.8,completed
800235,200312,47,2024-04-11 01:01:00,2024-04-11 01:36:00,6.76,completed
800236,200313,116,2024-06-28 10:55:00,2024-06-28 11:23:00,5.3,completed
800237,200314,118,2024-03-01 23:12:00,2024-03-01 23:38:00,6.06,completed
800238,200315,35,2024-06-09 06:47:00,2024-06-09 07:00:00,16.12,completed
800239,200316,105,2024-05-24 10:09:00,2024-05-24 10:22:00,7.66,completed
800240,200317,67,2024-02-28 15:19:00,2024-02-28 15:38:00,14.34,completed
800241,200318,11,2024-03-05 03:05:00,2024-03-05 03:21:00,15.29,completed
800242,200319,60,2024-03-15 06:31:00,2024-03-15 06:52:00,3.28,completed
800243,200320,69,2024-03-23 08:01:00,2024-03-23 08:21:00,8.76,completed
800244,200321,112,2024-04-01 12:39:00,2024-04-01 13:22:00,1.21,completed
800245,200323,67,2024-06-17 07:35:00,2024-06-17 08:27:00,3.77,completed
800246,200324,118,2024-06-08 18:01:00,2024-06-08 18:43:00,5.69,completed
800247,200325,38,2024-03-28 23:11:00,2024-03-28 23:40:00,10.4,completed
800248,200327,69,2024-04-30 15:10:00,2024-04-30 15:46:00,2.82,completed
800249,200328,8,2024-02-18 23:16:00,2024-02-19 00:00:00,16.81,completed
800250,200330,86,2024-03-14 21:30:00,2024-03-14 22:06:00,8.86,completed
800251,200332,34,2024-01-31 23:01:00,2024-01-31 23:38:00,5.96,completed
800252,200333,75,2024-05-02 17:46:00,2024-05-02 18:10:00,3.65,completed
800253,200335,22,2024-04-09 00:38:00,2024-04-09 01:12:00,9.26,completed
800254,200336,65,2024-02-07 06:01:00,2024-02-07 06:56:00,10.63,completed
800255,200337,117,2024-03-21 04:01:00,2024-03-21 04:43:00,4.33,completed
800256,200338,56,2024-02-29 09:41:00,2024-02-29 10:11:00,15.09,completed
800257,200339,107,2024-01-10 15:53:00,2024-01-10 16:42:00,15.64,completed
800258,200342,53,2024-04-23 00:43:00,2024-04-23 01:18:00,13.88,completed
800259,200343,80,2024-03-08 09:01:00,2024-03-08 09:48:00,14.9,completed
800260,200344,60,2024-01-09 20:48:00,2024-01-09 21:20:00,1.57,completed
800261,200346,10,2024-01-09 13:50:00,2024-01-09 14:06:00,15.07,completed
800262,200347,45,2024-02-19 03:49:00,2024-02-19 04:07:00,7.38,completed
800263,200348,78,2024-04-09 01:04:00,2024-04-09 01:44:00,12.42,completed
800264,200349,102,2024-01-12 08:53:00,2024-01-12 09:22:00,17.71,completed
800265,200350,10,2024-05-12 22:51:00,2024-05-12 23:13:00,8.74,completed
800266,200352,82,2024-02-24 14:26:00,2024-02-24 15:20:00,11.36,completed
800267,200353,58,2024-04-02 10:51:00,2024-04-02 11:35:00,16.72,completed
800268,200354,58,2024-01-11 08:17:00,2024-01-11 08:50:00,17.09,completed
800269,200355,78,2024-06-03 01:37:00,2024-06-03 02:25:00,17.3,completed
800270,200356,45,2024-05-24 10:49:00,2024-05-24 11:41:00,5.47,completed
800271,200357,72,2024-02-03 02:22:00,2024-02-03 02:34:00,8.83,completed
800272,200358,50,2024-04-24 11:03:00,2024-04-24 11:43:00,5.57,completed
800273,200359,103,2024-01-31 20:42:00,2024-01-31 21:24:00,10.18,completed
800274,200361,98,2024-05-25 20:02:00,2024-05-25 20:53:00,4.48,completed
800275,200363,50,2024-06-01 06:16:00,2024-06-01 06:55:00,2.04,completed
800276,200365,50,2024-06-13 01:28:00,2024-06-13 01:47:00,15.64,completed
800277,200366,42,2024-01-24 14:01:00,2024-01-24 14:37:00,1.38,completed
800278,200367,44,2024-06-20 13:42:00,2024-06-20 14:17:00,9.59,completed
800279,200368,115,2024-03-06 18:17:00,2024-03-06 18:49:00,0.98,completed
800280,200369,13,2024-05-21 13:26:00,2024-05-21 14:05:00,12.72,completed
800281,200370,103,2024-02-06 15:58:00,2024-02-06 16:16:00,9.72,completed
800282,200372,51,2024-06-03 06:15:00,2024-06-03 06:33:00,3.85,completed
800283,200373,17,2024-05-23 01:10:00,2024-05-23 01:32:00,11.26,completed
800284,200374,12,2024-03-20 01:49:00,2024-03-20 02:39:00,14.04,completed
800285,200375,102,2024-05-04 04:10:00,2024-05-04 04:22:00,13.8,completed
800286,200376,28,2024-02-12 05:56:00,2024-02-12 06:18:00,8.68,completed
800287,200377,20,2024-03-16 10:05:00,2024-03-16 10:21:00,11.43,completed
800288,200378,94,2024-05-02 14:29:00,2024-05-02 15:18:00,2.96,completed
800289,200380,37,2024-03-29 13:54:00,2024-03-29 14:42:00,10.98,completed
800290,200381,29,2024-05-23 16:00:00,2024-05-23 16:48:00,5.61,completed
800291,200383,63,2024-04-10 07:54:00,2024-04-10 08:28:00,14.25,completed
800292,200386,70,2024-01-18 16:27:00,2024-01-18 17:21:00,8.69,completed
800293,200387,25,2024-01-06 22:54:00,2024-01-06 23:16:00,10.64,completed
800294,200388,41,2024-01-31 18:47:00,2024-01-31 19:35:00,9.23,completed
800295,200390,57,2024-03-12 06:51:00,2024-03-12 07:10:00,7.52,completed
800296,200391,64,2024-06-22 09:28:00,2024-06-22 09:44:00,4.37,completed
800297,200392,79,2024-01-07 19:40:00,2024-01-07 20:35:00,11.11,completed
800298,200393,32,2024-02-21 07:21:00,2024-02-21 08:14:00,10.47,completed
800299,200394,8,2024-05-07 15:00:00,2024-05-07 15:34:00,11.26,completed
800300,200396,103,2024-01-21 10:45:00,2024-01-21 11:24:00,12.67,completed
800301,200397,117,2024-02-10 18:18:00,2024-02-10 19:12:00,4.63,completed
800302,200401,97,2024-05-02 08:02:00,2024-05-02 08:41:00,1.77,completed
800303,200402,118,2024-05-01 18:45:00,2024-05-01 19:28:00,9.91,completed
800304,200403,24,2024-06-04 16:26:00,2024-06-04 17:17:00,15.58,completed
800305,200404,64,2024-04-05 00:38:00,2024-04-05 00:54:00,9.12,completed
800306,200405,15,2024-02-03 15:54:00,2024-02-03 16:39:00,14.54,completed
800307,200406,108,2024-06-15 13:17:00,2024-06-15 14:08:00,4.25,completed
800308,200407,116,2024-03-11 06:27:00,2024-03-11 06:58:00,15.02,completed
800309,200410,45,2024-03-30 01:16:00,2024-03-30 02:08:00,10.12,completed
800310,200412,28,2024-06-17 04:33:00,2024-06-17 05:26:00,7.55,completed
800311,200413,13,2024-05-24 13:04:00,2024-05-24 13:26:00,7.57,completed
800312,200414,31,2024-01-15 06:16:00,2024-01-15 06:36:00,5.06,completed
800313,200415,119,2024-01-10 07:18:00,2024-01-10 08:03:00,5.99,completed
800314,200418,79,2024-04-01 02:34:00,2024-04-01 03:19:00,14.46,completed
800315,200420,31,2024-06-19 02:58:00,2024-06-19 03:40:00,9.41,completed
800316,200422,32,2024-01-07 01:52:00,2024-01-07 02:33:00,16.23,completed
800317,200425,48,2024-04-05 13:21:00,2024-04-05 13:44:00,17.86,completed
800318,200426,100,2024-02-12 13:28:00,2024-02-12 13:47:00,15.57,completed
800319,200428,70,2024-03-30 09:56:00,2024-03-30 10:08:00,5.18,completed
800320,200429,114,2024-06-19 15:51:00,2024-06-19 16:14:00,4.81,completed
800321,200430,8,2024-06-10 19:29:00,2024-06-10 19:57:00,15.56,completed
800322,200431,65,2024-01-26 05:08:00,2024-01-26 05:48:00,9.23,completed
800323,200432,72,2024-02-23 11:05:00,2024-02-23 11:55:00,12.89,completed
800324,200434,32,2024-01-26 12:03:00,2024-01-26 12:45:00,11.55,completed
800325,200436,51,2024-02-24 23:03:00,2024-02-24 23:56:00,8.11,completed
800326,200438,74,2024-02-15 14:51:00,2024-02-15 15:08:00,17.9,completed
800327,200439,15,2024-02-12 15:26:00,2024-02-12 16:19:00,9.81,completed
800328,200440,28,2024-06-17 02:35:00,2024-06-17 03:01:00,1.06,completed
800329,200443,112,2024-02-18 08:25:00,2024-02-18 08:47:00,1.26,completed
800330,200444,86,2024-02-24 14:16:00,2024-02-24 15:05:00,9.02,completed
800331,200445,3,2024-01-20 18:02:00,2024-01-20 18:22:00,1.53,completed
800332,200447,56,2024-04-19 00:24:00,2024-04-19 00:48:00,7.45,completed
800333,200449,86,2024-03-14 04:59:00,2024-03-14 05:32:00,3.93,completed
800334,200450,101,2024-04-21 23:11:00,2024-04-21 23:24:00,14.5,completed
800335,200451,112,2024-05-06 07:21:00,2024-05-06 08:12:00,13.26,completed
800336,200452,41,2024-02-08 19:17:00,2024-02-08 19:38:00,12.88,completed
800337,200453,81,2024-01-27 02:34:00,2024-01-27 03:09:00,7.78,completed
800338,200454,17,2024-04-03 11:43:00,2024-04-03 11:56:00,15.37,completed
800339,200455,78,2024-03-28 02:07:00,2024-03-28 02:53:00,1.8,completed
800340,200456,36,2024-05-29 17:04:00,2024-05-29 17:57:00,13.83,completed
800341,200458,69,2024-05-06 15:49:00,2024-05-06 16:16:00,12.29,completed
800342,200459,39,2024-01-28 08:38:00,2024-01-28 09:22:00,6.28,completed
800343,200462,60,2024-05-13 07:52:00,2024-05-13 08:11:00,1.04,completed
800344,200463,94,2024-02-22 11:31:00,2024-02-22 12:09:00,6.14,completed
800345,200465,115,2024-01-15 12:07:00,2024-01-15 12:49:00,12.81,completed
800346,200466,18,2024-03-06 18:42:00,2024-03-06 19:34:00,7.02,completed
800347,200467,11,2024-04-30 17:08:00,2024-04-30 17:41:00,9.84,completed
800348,200469,35,2024-02-24 15:13:00,2024-02-24 15:25:00,2.13,completed
800349,200470,120,2024-05-07 05:22:00,2024-05-07 05:56:00,12.81,completed
800350,200472,79,2024-04-10 12:39:00,2024-04-10 13:06:00,8.35,completed
800351,200474,28,2024-03-27 10:38:00,2024-03-27 11:28:00,13.44,completed
800352,200475,47,2024-06-23 06:17:00,2024-06-23 06:44:00,3.42,completed
800353,200479,28,2024-05-29 09:53:00,2024-05-29 10:39:00,10.47,completed
800354,200480,98,2024-02-24 00:08:00,2024-02-24 00:45:00,8.3,completed
800355,200481,93,2024-04-19 18:15:00,2024-04-19 19:01:00,14.69,completed
800356,200482,77,2024-01-18 18:23:00,2024-01-18 19:09:00,17.07,completed
800357,200483,85,2024-02-13 08:57:00,2024-02-13 09:34:00,5.57,completed
800358,200484,66,2024-03-01 20:13:00,2024-03-01 21:02:00,15.81,completed
800359,200486,31,2024-01-13 14:31:00,2024-01-13 14:47:00,16.72,completed
800360,200487,120,2024-02-29 13:02:00,2024-02-29 13:56:00,7.89,completed
800361,200489,51,2024-02-04 02:54:00,2024-02-04 03:30:00,15.49,completed
800362,200490,24,2024-06-28 17:54:00,2024-06-28 18:48:00,1.57,completed
800363,200491,100,2024-02-10 05:37:00,2024-02-10 06:25:00,14.41,completed
800364,200492,7,2024-01-02 16:51:00,2024-01-02 17:23:00,16.96,completed
800365,200494,37,2024-02-28 18:04:00,2024-02-28 18:38:00,4.48,completed
800366,200495,94,2024-01-13 23:38:00,2024-01-13 23:55:00,14.65,completed
800367,200496,23,2024-03-08 03:30:00,2024-03-08 03:51:00,3.09,completed
800368,200497,94,2024-04-24 14:00:00,2024-04-24 14:31:00,11.89,completed
800369,200498,19,2024-05-20 07:51:00,2024-05-20 08:24:00,5.84,completed
800370,200500,57,2024-03-07 15:24:00,2024-03-07 15:49:00,17.92,completed
800371,200501,85,2024-06-30 00:58:00,2024-06-30 01:25:00,3.58,completed
800372,200502,44,2024-06-21 08:53:00,2024-06-21 09:24:00,3.24,completed
800373,200505,76,2024-05-29 18:51:00,2024-05-29 19:16:00,2.94,completed
800374,200506,25,2024-01-27 03:04:00,2024-01-27 03:20:00,7.1,completed
800375,200509,75,2024-05-16 17:25:00,2024-05-16 17:58:00,3.53,completed
800376,200510,96,2024-02-08 19:29:00,2024-02-08 20:12:00,13.2,completed
800377,200511,70,2024-01-29 04:53:00,2024-01-29 05:39:00,14.04,completed
800378,200512,42,2024-03-20 08:44:00,2024-03-20 09:32:00,14.74,completed
800379,200513,29,2024-01-22 17:46:00,2024-01-22 18:02:00,14.24,completed
800380,200514,119,2024-04-16 19:39:00,2024-04-16 20:07:00,8.28,completed
800381,200515,11,2024-03-13 01:57:00,2024-03-13 02:27:00,7.97,completed
800382,200516,30,2024-01-09 09:53:00,2024-01-09 10:07:00,8.9,completed
800383,200518,116,2024-02-09 11:07:00,2024-02-09 12:02:00,13.87,completed
800384,200519,84,2024-04-28 10:03:00,2024-04-28 10:57:00,2.02,completed
800385,200520,49,2024-04-27 19:03:00,2024-04-27 19:17:00,11.94,completed
800386,200521,76,2024-05-26 15:28:00,2024-05-26 15:58:00,13.19,completed
800387,200522,10,2024-03-06 02:59:00,2024-03-06 03:49:00,9.95,completed
800388,200523,25,2024-02-12 04:23:00,2024-02-12 05:01:00,9.62,completed
800389,200524,57,2024-06-05 12:29:00,2024-06-05 12:58:00,7.74,completed
800390,200526,100,2024-01-05 16:47:00,2024-01-05 17:07:00,10.75,completed
800391,200527,80,2024-06-18 17:51:00,2024-06-18 18:13:00,16.87,completed
800392,200529,26,2024-04-16 13:52:00,2024-04-16 14:22:00,7.96,completed
800393,200530,92,2024-01-12 03:31:00,2024-01-12 03:52:00,16.77,completed
800394,200532,33,2024-03-21 10:58:00,2024-03-21 11:50:00,15.55,completed
800395,200533,26,2024-01-04 06:31:00,2024-01-04 07:21:00,8.91,completed
800396,200534,12,2024-03-26 10:34:00,2024-03-26 11:10:00,4.36,completed
800397,200535,3,2024-04-09 08:06:00,2024-04-09 08:20:00,8.73,completed
800398,200537,7,2024-01-27 18:31:00,2024-01-27 19:08:00,14.92,completed
800399,200540,54,2024-04-04 06:39:00,2024-04-04 07:32:00,6.28,completed
800400,200541,70,2024-05-20 21:53:00,2024-05-20 22:07:00,2.99,completed
800401,200542,112,2024-04-03 03:48:00,2024-04-03 04:40:00,4.48,completed
800402,200543,49,2024-01-21 04:16:00,2024-01-21 04:48:00,8.1,completed
800403,200544,90,2024-02-18 22:32:00,2024-02-18 22:49:00,2.17,completed
800404,200545,107,2024-03-24 16:39:00,2024-03-24 17:01:00,7.21,completed
800405,200546,52,2024-06-12 19:50:00,2024-06-12 20:07:00,8.46,completed
800406,200547,42,2024-06-28 03:24:00,2024-06-28 04:00:00,4.15,completed
800407,200548,103,2024-06-03 14:13:00,2024-06-03 14:57:00,9.09,completed
800408,200549,88,2024-05-23 13:18:00,2024-05-23 13:31:00,7.42,completed
800409,200550,37,2024-04-03 03:23:00,2024-04-03 04:03:00,13.12,completed
800410,200551,89,2024-01-15 17:27:00,2024-01-15 18:08:00,17.99,completed
800411,200552,98,2024-05-08 11:43:00,2024-05-08 12:37:00,14.34,completed
800412,200553,4,2024-06-02 23:00:00,2024-06-02 23:23:00,10.49,completed
800413,200555,81,2024-06-10 17:39:00,2024-06-10 18:25:00,11.8,completed
800414,200556,32,2024-04-24 13:16:00,2024-04-24 14:11:00,3.53,completed
800415,200557,18,2024-06-13 12:06:00,2024-06-13 12:56:00,15.0,completed
800416,200558,79,2024-06-26 01:06:00,2024-06-26 01:22:00,5.58,completed
800417,200559,82,2024-06-06 10:18:00,2024-06-06 10:49:00,3.13,completed
800418,200561,108,2024-04-29 14:35:00,2024-04-29 14:51:00,3.14,completed
800419,200562,101,2024-05-30 22:26:00,2024-05-30 23:15:00,13.55,completed
800420,200563,34,2024-01-23 19:26:00,2024-01-23 19:54:00,6.5,completed
800421,200566,8,2024-04-12 11:38:00,2024-04-12 12:00:00,13.6,completed
800422,200567,40,2024-06-20 15:39:00,2024-06-20 16:33:00,16.41,completed
800423,200568,85,2024-04-30 06:53:00,2024-04-30 07:34:00,5.17,completed
800424,200569,80,2024-01-02 10:24:00,2024-01-02 11:19:00,4.28,completed
800425,200570,15,2024-03-08 02:05:00,2024-03-08 02:31:00,17.11,completed
800426,200572,73,2024-04-14 10:06:00,2024-04-14 10:43:00,6.12,completed
800427,200573,76,2024-05-31 23:11:00,2024-05-31 23:43:00,14.81,completed
800428,200574,13,2024-05-25 10:32:00,2024-05-25 11:22:00,15.4,completed
800429,200575,16,2024-02-11 05:09:00,2024-02-11 05:22:00,7.69,completed
800430,200577,94,2024-02-25 10:42:00,2024-02-25 11:03:00,11.54,completed
800431,200578,111,2024-01-25 07:53:00,2024-01-25 08:15:00,11.07,completed
800432,200579,35,2024-04-10 07:22:00,2024-04-10 07:58:00,2.77,completed
800433,200580,23,2024-03-09 08:12:00,2024-03-09 08:30:00,16.56,completed
800434,200582,54,2024-06-14 00:31:00,2024-06-14 00:44:00,5.57,completed
800435,200584,51,2024-02-27 12:58:00,2024-02-27 13:27:00,13.81,completed
800436,200585,116,2024-02-09 18:11:00,2024-02-09 19:02:00,6.41,completed
800437,200586,106,2024-01-17 11:30:00,2024-01-17 11:45:00,5.14,completed
800438,200587,17,2024-06-20 12:22:00,2024-06-20 12:40:00,12.11,completed
800439,200588,92,2024-06-26 02:03:00,2024-06-26 02:46:00,16.21,completed
800440,200589,12,2024-01-14 05:02:00,2024-01-14 05:33:00,7.27,completed
800441,200593,94,2024-01-09 03:26:00,2024-01-09 03:54:00,16.42,completed
800442,200594,30,2024-02-20 01:32:00,2024-02-20 01:57:00,10.71,completed
800443,200596,88,2024-06-18 06:47:00,2024-06-18 07:14:00,5.17,completed
800444,200598,100,2024-04-25 20:56:00,2024-04-25 21:16:00,11.31,completed
800445,200600,35,2024-05-15 01:32:00,2024-05-15 02:13:00,5.83,completed
800446,200601,68,2024-03-18 09:52:00,2024-03-18 10:05:00,0.89,completed
800447,200602,96,2024-03-29 08:53:00,2024-03-29 09:47:00,6.23,completed
800448,200603,71,2024-04-08 06:48:00,2024-04-08 07:22:00,12.96,completed
800449,200605,50,2024-01-05 10:32:00,2024-01-05 10:56:00,10.61,completed
800450,200606,15,2024-01-01 10:36:00,2024-01-01 10:52:00,17.42,completed
800451,200607,70,2024-05-19 06:50:00,2024-05-19 07:42:00,10.67,completed
800452,200608,55,2024-03-23 00:06:00,2024-03-23 00:55:00,1.83,completed
800453,200609,39,2024-03-08 11:31:00,2024-03-08 12:13:00,12.92,completed
800454,200611,73,2024-05-08 14:19:00,2024-05-08 14:34:00,3.34,completed
800455,200615,35,2024-01-23 18:26:00,2024-01-23 19:11:00,10.48,completed
800456,200616,16,2024-03-05 10:37:00,2024-03-05 10:51:00,4.48,completed
800457,200617,16,2024-05-25 08:51:00,2024-05-25 09:13:00,3.55,completed
800458,200619,116,2024-01-05 20:19:00,2024-01-05 20:31:00,8.61,completed
800459,200620,54,2024-01-02 18:46:00,2024-01-02 18:58:00,2.44,completed
800460,200621,60,2024-06-10 04:15:00,2024-06-10 04:42:00,12.65,completed
800461,200622,95,2024-03-30 05:47:00,2024-03-30 05:59:00,2.56,completed
800462,200623,8,2024-06-12 02:42:00,2024-06-12 03:34:00,13.17,completed
800463,200625,82,2024-06-13 00:47:00,2024-06-13 01:40:00,17.13,completed
800464,200626,107,2024-04-14 22:29:00,2024-04-14 22:57:00,2.54,completed
800465,200627,47,2024-05-25 18:04:00,2024-05-25 18:45:00,1.48,completed
800466,200628,17,2024-02-21 19:30:00,2024-02-21 20:08:00,2.35,completed
800467,200630,56,2024-04-19 12:25:00,2024-04-19 12:58:00,14.41,completed
800468,200631,47,2024-05-11 02:03:00,2024-05-11 02:52:00,13.07,completed
800469,200632,118,2024-05-12 12:18:00,2024-05-12 13:02:00,16.21,completed
800470,200633,15,2024-06-22 18:55:00,2024-06-22 19:10:00,2.44,completed
800471,200634,34,2024-02-12 02:45:00,2024-02-12 03:19:00,1.06,completed
800472,200635,80,2024-01-24 16:29:00,2024-01-24 16:43:00,15.52,completed
800473,200637,42,2024-06-28 21:51:00,2024-06-28 22:27:00,6.66,completed
800474,200638,51,2024-05-12 21:31:00,2024-05-12 22:21:00,11.69,completed
800475,200639,87,2024-06-03 18:35:00,2024-06-03 19:04:00,11.56,completed
800476,200640,3,2024-06-12 10:55:00,2024-06-12 11:18:00,2.11,completed
800477,200641,9,2024-02-26 14:45:00,2024-02-26 15:04:00,17.51,completed
800478,200643,24,2024-04-19 01:59:00,2024-04-19 02:36:00,7.17,completed
800479,200645,7,2024-03-24 06:47:00,2024-03-24 07:20:00,5.27,completed
800480,200646,96,2024-04-13 15:34:00,2024-04-13 16:18:00,16.46,completed
800481,200647,68,2024-04-11 13:03:00,2024-04-11 13:37:00,10.56,completed
800482,200648,33,2024-05-31 12:27:00,2024-05-31 12:39:00,3.62,completed
800483,200651,77,2024-05-20 03:59:00,2024-05-20 04:49:00,12.93,completed
800484,200653,9,2024-04-18 09:43:00,2024-04-18 10:31:00,8.19,completed
800485,200655,34,2024-06-19 13:44:00,2024-06-19 14:03:00,6.9,completed
800486,200656,64,2024-01-27 09:44:00,2024-01-27 10:22:00,14.57,completed
800487,200659,113,2024-05-05 11:44:00,2024-05-05 12:10:00,10.29,completed
800488,200661,68,2024-03-18 06:53:00,2024-03-18 07:19:00,15.44,completed
800489,200663,38,2024-02-21 23:41:00,2024-02-22 00:09:00,8.01,completed
800490,200664,1,2024-04-09 23:45:00,2024-04-10 00:10:00,4.12,completed
800491,200665,42,2024-01-29 00:29:00,2024-01-29 01:12:00,6.66,completed
800492,200668,53,2024-06-18 16:17:00,2024-06-18 16:44:00,7.57,completed
800493,200669,90,2024-01-24 21:02:00,2024-01-24 21:39:00,1.27,completed
800494,200670,78,2024-04-04 01:46:00,2024-04-04 02:16:00,1.0,completed
800495,200672,83,2024-05-26 04:28:00,2024-05-26 04:47:00,8.84,completed
800496,200675,63,2024-05-17 21:11:00,2024-05-17 21:30:00,11.89,completed
800497,200676,24,2024-01-03 17:11:00,2024-01-03 18:03:00,12.87,completed
800498,200677,34,2024-01-15 06:53:00,2024-01-15 07:43:00,10.15,completed
800499,200678,71,2024-05-25 13:52:00,2024-05-25 14:11:00,11.38,completed
800500,200679,26,2024-06-29 05:49:00,2024-06-29 06:42:00,11.27,completed
800501,200680,48,2024-05-28 13:28:00,2024-05-28 14:21:00,13.9,completed
800502,200681,86,2024-02-19 18:57:00,2024-02-19 19:18:00,17.24,completed
800503,200682,6,2024-06-25 05:52:00,2024-06-25 06:33:00,17.5,completed
800504,200683,15,2024-01-03 06:05:00,2024-01-03 06:58:00,10.18,completed
800505,200684,28,2024-04-14 18:57:00,2024-04-14 19:34:00,17.68,completed
800506,200685,98,2024-06-17 12:19:00,2024-06-17 12:56:00,13.38,completed
800507,200687,63,2024-06-14 13:04:00,2024-06-14 13:46:00,10.49,completed
800508,200688,88,2024-05-25 20:30:00,2024-05-25 20:44:00,16.1,completed
800509,200689,80,2024-05-13 13:16:00,2024-05-13 13:42:00,2.51,completed
800510,200690,69,2024-04-14 12:37:00,2024-04-14 13:25:00,3.06,completed
800511,200692,17,2024-04-05 03:28:00,2024-04-05 04:12:00,12.11,completed
800512,200693,72,2024-05-01 21:42:00,2024-05-01 22:21:00,11.14,completed
800513,200694,58,2024-03-01 07:17:00,2024-03-01 07:49:00,3.12,completed
800514,200695,12,2024-05-31 17:00:00,2024-05-31 17:14:00,12.08,completed
800515,200696,92,2024-06-19 09:09:00,2024-06-19 09:27:00,2.19,completed
800516,200697,84,2024-02-24 12:35:00,2024-02-24 13:26:00,15.09,completed
800517,200698,111,2024-05-07 17:51:00,2024-05-07 18:41:00,6.27,completed
800518,200700,25,2024-01-10 21:02:00,2024-01-10 21:39:00,9.1,completed
800519,200701,36,2024-02-03 20:41:00,2024-02-03 21:13:00,17.87,completed
800520,200703,58,2024-06-18 10:46:00,2024-06-18 11:05:00,17.58,completed
800521,200704,62,2024-05-04 14:34:00,2024-05-04 14:54:00,13.65,completed
800522,200705,88,2024-04-20 00:18:00,2024-04-20 01:13:00,13.75,completed
800523,200706,25,2024-02-12 07:28:00,2024-02-12 08:00:00,16.2,completed
800524,200707,91,2024-01-17 17:03:00,2024-01-17 17:43:00,8.01,completed
800525,200709,58,2024-03-29 11:07:00,2024-03-29 11:59:00,10.83,completed
800526,200710,93,2024-05-24 02:28:00,2024-05-24 03:07:00,5.79,completed
800527,200712,87,2024-04-28 18:28:00,2024-04-28 18:58:00,12.76,completed
800528,200713,35,2024-05-25 15:21:00,2024-05-25 16:13:00,9.09,completed
800529,200716,34,2024-05-23 13:55:00,2024-05-23 14:21:00,2.73,completed
800530,200717,35,2024-02-18 16:55:00,2024-02-18 17:17:00,4.97,completed
800531,200719,56,2024-04-26 05:55:00,2024-04-26 06:47:00,1.56,completed
800532,200720,107,2024-04-16 11:57:00,2024-04-16 12:45:00,4.98,completed
800533,200721,103,2024-01-07 16:19:00,2024-01-07 16:44:00,16.52,completed
800534,200722,62,2024-02-15 00:47:00,2024-02-15 01:02:00,1.57,completed
800535,200723,58,2024-03-12 19:43:00,2024-03-12 20:05:00,8.85,completed
800536,200724,85,2024-04-27 06:59:00,2024-04-27 07:25:00,15.36,completed
800537,200726,110,2024-03-09 02:28:00,2024-03-09 02:47:00,13.57,completed
800538,200727,113,2024-06-14 01:19:00,2024-06-14 02:11:00,14.15,completed
800539,200728,48,2024-06-13 02:47:00,2024-06-13 03:22:00,13.95,completed
800540,200729,45,2024-04-21 23:52:00,2024-04-22 00:13:00,17.0,completed
800541,200730,3,2024-06-05 06:29:00,2024-06-05 07:05:00,8.36,completed
800542,200732,109,2024-03-16 23:16:00,2024-03-17 00:09:00,5.23,completed
800543,200733,51,2024-04-02 15:27:00,2024-04-02 15:43:00,6.37,completed
800544,200734,32,2024-06-27 18:05:00,2024-06-27 18:46:00,6.66,completed
800545,200736,82,2024-06-07 06:45:00,2024-06-07 07:27:00,9.79,completed
800546,200737,49,2024-04-13 15:37:00,2024-04-13 16:25:00,5.92,completed
800547,200738,76,2024-06-12 23:18:00,2024-06-13 00:01:00,15.83,completed
800548,200739,52,2024-06-16 08:07:00,2024-06-16 08:28:00,5.86,completed
800549,200740,36,2024-03-20 12:02:00,2024-03-20 12:19:00,12.13,completed
800550,200741,64,2024-05-08 01:58:00,2024-05-08 02:18:00,17.46,completed
800551,200742,89,2024-03-20 23:03:00,2024-03-20 23:54:00,6.18,completed
800552,200744,16,2024-04-23 10:04:00,2024-04-23 10:32:00,12.79,completed
800553,200745,116,2024-01-27 04:25:00,2024-01-27 05:01:00,1.44,completed
800554,200747,37,2024-02-11 03:11:00,2024-02-11 03:48:00,16.52,completed
800555,200748,103,2024-02-26 03:48:00,2024-02-26 04:24:00,1.42,completed
800556,200749,85,2024-06-27 12:26:00,2024-06-27 13:11:00,11.02,completed
800557,200750,112,2024-05-02 08:35:00,2024-05-02 09:15:00,3.62,completed
800558,200753,49,2024-05-26 12:57:00,2024-05-26 13:45:00,14.43,completed
800559,200754,33,2024-05-12 00:45:00,2024-05-12 01:32:00,14.32,completed
800560,200757,2,2024-02-01 13:21:00,2024-02-01 14:01:00,13.37,completed
800561,200758,60,2024-02-26 07:48:00,2024-02-26 08:29:00,6.4,completed
800562,200759,31,2024-01-04 06:16:00,2024-01-04 07:06:00,2.72,completed
800563,200760,35,2024-03-15 13:27:00,2024-03-15 14:00:00,3.59,completed
800564,200761,109,2024-06-30 02:49:00,2024-06-30 03:39:00,13.42,completed
800565,200762,92,2024-03-25 09:50:00,2024-03-25 10:21:00,11.9,completed
800566,200763,106,2024-02-24 03:17:00,2024-02-24 03:38:00,17.52,completed
800567,200765,112,2024-01-12 22:20:00,2024-01-12 23:12:00,17.06,completed
800568,200766,37,2024-03-07 17:48:00,2024-03-07 18:13:00,1.35,completed
800569,200767,82,2024-01-26 06:09:00,2024-01-26 06:55:00,10.21,completed
800570,200768,57,2024-03-19 12:57:00,2024-03-19 13:16:00,1.09,completed
800571,200769,94,2024-03-31 11:07:00,2024-03-31 12:00:00,8.04,completed
800572,200773,30,2024-01-19 00:06:00,2024-01-19 00:46:00,12.49,completed
800573,200774,46,2024-06-24 07:11:00,2024-06-24 07:55:00,17.53,completed
800574,200775,117,2024-06-19 10:57:00,2024-06-19 11:11:00,12.05,completed
800575,200777,63,2024-03-15 05:44:00,2024-03-15 06:32:00,13.68,completed
800576,200778,71,2024-01-20 07:01:00,2024-01-20 07:43:00,10.31,completed
800577,200780,45,2024-01-18 23:13:00,2024-01-18 23:45:00,14.06,completed
800578,200781,75,2024-02-28 15:46:00,2024-02-28 16:31:00,17.37,completed
800579,200782,89,2024-06-21 10:01:00,2024-06-21 10:25:00,16.52,completed
800580,200783,55,2024-03-02 04:05:00,2024-03-02 04:42:00,12.05,completed
800581,200784,3,2024-06-13 05:18:00,2024-06-13 06:04:00,17.5,completed
800582,200786,95,2024-03-18 22:07:00,2024-03-18 23:01:00,16.86,completed
800583,200788,13,2024-03-10 08:15:00,2024-03-10 08:35:00,15.77,completed
800584,200789,101,2024-05-27 20:45:00,2024-05-27 21:27:00,4.46,completed
800585,200790,88,2024-06-25 17:09:00,2024-06-25 17:25:00,16.09,completed
800586,200791,36,2024-01-25 10:28:00,2024-01-25 11:05:00,10.78,completed
800587,200792,53,2024-05-30 11:17:00,2024-05-30 11:46:00,4.07,completed
800588,200793,116,2024-06-22 05:05:00,2024-06-22 05:50:00,1.13,completed
800589,200795,113,2024-02-12 05:01:00,2024-02-12 05:47:00,16.58,completed
800590,200796,115,2024-04-16 06:50:00,2024-04-16 07:31:00,2.37,completed
800591,200797,108,2024-01-17 15:36:00,2024-01-17 15:58:00,1.13,completed
800592,200799,118,2024-02-18 15:24:00,2024-02-18 16:07:00,0.99,completed
800593,200800,21,2024-05-24 12:31:00,2024-05-24 13:22:00,11.6,completed
800594,200802,41,2024-03-11 12:44:00,2024-03-11 12:58:00,12.39,completed
800595,200803,58,2024-05-28 13:26:00,2024-05-28 13:53:00,16.18,completed
800596,200804,82,2024-06-29 12:05:00,2024-06-29 12:55:00,4.05,completed
800597,200805,115,2024-05-25 04:47:00,2024-05-25 05:00:00,12.03,completed
800598,200807,15,2024-01-12 16:32:00,2024-01-12 17:11:00,5.76,completed
800599,200809,107,2024-05-30 23:37:00,2024-05-31 00:03:00,14.39,completed
800600,200810,102,2024-05-01 12:00:00,2024-05-01 12:42:00,6.25,completed
800601,200811,30,2024-03-02 11:31:00,2024-03-02 11:56:00,12.81,completed
800602,200812,95,2024-05-25 07:41:00,2024-05-25 07:56:00,8.04,completed
800603,200813,92,2024-06-07 17:35:00,2024-06-07 18:08:00,17.72,completed
800604,200814,106,2024-05-07 22:32:00,2024-05-07 22:49:00,12.58,completed
800605,200815,113,2024-01-24 00:57:00,2024-01-24 01:40:00,11.16,completed
800606,200817,111,2024-03-22 12:37:00,2024-03-22 12:49:00,11.89,completed
800607,200819,20,2024-06-24 00:51:00,2024-06-24 01:08:00,14.09,completed
800608,200820,114,2024-03-28 03:53:00,2024-03-28 04:23:00,1.14,completed
800609,200821,24,2024-05-27 17:42:00,2024-05-27 18:35:00,4.67,completed
800610,200822,59,2024-06-13 07:39:00,2024-06-13 08:07:00,7.31,completed
800611,200823,119,2024-06-23 06:03:00,2024-06-23 06:47:00,1.09,completed
800612,200824,110,2024-02-08 01:08:00,2024-02-08 01:52:00,8.81,completed
800613,200827,84,2024-05-26 02:16:00,2024-05-26 03:02:00,10.01,completed
800614,200828,97,2024-05-21 08:20:00,2024-05-21 08:55:00,14.78,completed
800615,200829,79,2024-05-09 17:42:00,2024-05-09 18:00:00,7.74,completed
800616,200831,115,2024-03-09 18:17:00,2024-03-09 18:37:00,11.18,completed
800617,200832,51,2024-03-23 17:58:00,2024-03-23 18:37:00,8.86,completed
800618,200833,63,2024-06-08 10:58:00,2024-06-08 11:24:00,3.7,completed
800619,200834,70,2024-05-01 06:35:00,2024-05-01 06:52:00,7.2,completed
800620,200836,17,2024-04-07 13:32:00,2024-04-07 13:44:00,8.09,completed
800621,200837,88,2024-04-13 22:17:00,2024-04-13 22:59:00,3.8,completed
800622,200838,86,2024-04-21 01:49:00,2024-04-21 02:25:00,13.08,completed
800623,200839,19,2024-04-21 20:23:00,2024-04-21 20:45:00,12.53,completed
800624,200840,18,2024-05-13 06:32:00,2024-05-13 06:56:00,14.03,completed
800625,200841,81,2024-06-12 04:06:00,2024-06-12 04:28:00,11.07,completed
800626,200842,60,2024-01-06 08:56:00,2024-01-06 09:10:00,15.36,completed
800627,200843,10,2024-03-20 10:44:00,2024-03-20 11:21:00,12.3,completed
800628,200844,36,2024-03-11 23:02:00,2024-03-11 23:55:00,2.14,completed
800629,200845,83,2024-02-17 04:15:00,2024-02-17 04:48:00,12.7,completed
800630,200846,14,2024-01-29 08:33:00,2024-01-29 09:02:00,10.0,completed
800631,200847,25,2024-04-12 19:06:00,2024-04-12 19:45:00,8.14,completed
800632,200849,69,2024-05-25 04:46:00,2024-05-25 05:05:00,6.51,completed
800633,200850,60,2024-04-16 23:25:00,2024-04-17 00:05:00,3.22,completed
800634,200851,82,2024-03-14 01:01:00,2024-03-14 01:30:00,11.66,completed
800635,200852,95,2024-06-23 14:07:00,2024-06-23 14:48:00,15.25,completed
800636,200853,58,2024-04-30 18:28:00,2024-04-30 19:00:00,9.67,completed
800637,200854,7,2024-03-29 06:54:00,2024-03-29 07:15:00,3.03,completed
800638,200855,91,2024-05-12 01:30:00,2024-05-12 01:44:00,7.38,completed
800639,200856,75,2024-02-01 19:27:00,2024-02-01 20:09:00,1.34,completed
800640,200857,114,2024-01-31 20:37:00,2024-01-31 20:59:00,10.61,completed
800641,200859,6,2024-05-08 16:07:00,2024-05-08 16:53:00,5.16,completed
800642,200860,30,2024-06-30 04:24:00,2024-06-30 05:00:00,9.88,completed
800643,200861,86,2024-04-08 05:44:00,2024-04-08 06:00:00,13.83,completed
800644,200862,73,2024-01-13 17:25:00,2024-01-13 18:05:00,4.36,completed
800645,200865,11,2024-02-17 09:32:00,2024-02-17 09:55:00,11.19,completed
800646,200866,83,2024-03-08 15:24:00,2024-03-08 15:59:00,17.0,completed
800647,200869,18,2024-04-16 01:00:00,2024-04-16 01:49:00,17.26,completed
800648,200870,72,2024-05-17 00:06:00,2024-05-17 00:42:00,0.93,completed
800649,200871,27,2024-05-24 10:15:00,2024-05-24 10:44:00,14.15,completed
800650,200872,32,2024-01-25 04:24:00,2024-01-25 04:52:00,2.65,completed
800651,200874,31,2024-06-25 01:18:00,2024-06-25 01:32:00,3.36,completed
800652,200875,112,2024-03-24 20:08:00,2024-03-24 20:26:00,12.3,completed
800653,200877,88,2024-04-01 20:27:00,2024-04-01 21:02:00,3.44,completed
800654,200878,115,2024-02-09 02:30:00,2024-02-09 03:04:00,2.0,completed
800655,200879,17,2024-03-30 09:03:00,2024-03-30 09:44:00,5.47,completed
800656,200881,120,2024-03-30 01:02:00,2024-03-30 01:22:00,2.29,completed
800657,200882,17,2024-01-31 01:37:00,2024-01-31 02:17:00,15.64,completed
800658,200884,58,2024-01-30 18:53:00,2024-01-30 19:19:00,5.8,completed
800659,200886,46,2024-05-29 10:23:00,2024-05-29 10:41:00,14.33,completed
800660,200888,18,2024-05-31 17:46:00,2024-05-31 18:00:00,6.5,completed
800661,200890,118,2024-01-01 20:37:00,2024-01-01 20:54:00,4.85,completed
800662,200892,74,2024-03-09 08:23:00,2024-03-09 08:49:00,12.75,completed
800663,200893,94,2024-06-22 23:21:00,2024-06-22 23:52:00,2.08,completed
800664,200894,13,2024-02-27 06:07:00,2024-02-27 06:42:00,10.44,completed
800665,200896,87,2024-04-28 20:53:00,2024-04-28 21:45:00,15.96,completed
800666,200897,80,2024-01-31 16:41:00,2024-01-31 17:16:00,11.88,completed
800667,200898,81,2024-04-26 06:24:00,2024-04-26 06:48:00,8.5,completed
800668,200899,92,2024-02-23 05:44:00,2024-02-23 06:08:00,13.83,completed
800669,200900,47,2024-01-01 11:03:00,2024-01-01 11:36:00,16.82,completed
800670,200901,84,2024-04-07 22:14:00,2024-04-07 22:51:00,1.92,completed
800671,200902,87,2024-01-10 02:24:00,2024-01-10 02:41:00,9.64,completed
800672,200903,35,2024-03-05 23:09:00,2024-03-05 23:54:00,1.08,completed
800673,200904,3,2024-03-14 14:20:00,2024-03-14 14:44:00,11.45,completed
800674,200906,61,2024-02-08 09:57:00,2024-02-08 10:17:00,8.0,completed
800675,200909,111,2024-03-12 22:22:00,2024-03-12 23:00:00,10.91,completed
800676,200911,98,2024-01-11 18:04:00,2024-01-11 18:52:00,8.07,completed
800677,200913,74,2024-04-30 09:07:00,2024-04-30 09:27:00,7.43,completed
800678,200917,33,2024-01-08 04:38:00,2024-01-08 05:33:00,12.7,completed
800679,200919,119,2024-04-08 07:20:00,2024-04-08 07:32:00,14.71,completed
800680,200921,86,2024-06-19 17:54:00,2024-06-19 18:17:00,8.36,completed
800681,200923,46,2024-05-28 01:43:00,2024-05-28 02:26:00,17.61,completed
800682,200924,51,2024-03-04 16:30:00,2024-03-04 17:04:00,12.05,completed
800683,200925,116,2024-05-05 02:56:00,2024-05-05 03:16:00,17.51,completed
800684,200926,79,2024-04-04 22:11:00,2024-04-04 23:03:00,7.91,completed
800685,200927,7,2024-03-10 17:14:00,2024-03-10 18:03:00,13.24,completed
800686,200928,81,2024-01-13 00:29:00,2024-01-13 01:10:00,17.14,completed
800687,200929,116,2024-06-24 14:14:00,2024-06-24 15:01:00,16.26,completed
800688,200930,12,2024-04-07 21:04:00,2024-04-07 21:31:00,17.47,completed
800689,200931,14,2024-03-25 22:14:00,2024-03-25 22:28:00,14.82,completed
800690,200932,3,2024-05-02 11:44:00,2024-05-02 12:20:00,3.5,completed
800691,200933,39,2024-01-21 02:15:00,2024-01-21 02:42:00,4.86,completed
800692,200934,91,2024-01-11 10:26:00,2024-01-11 10:54:00,16.94,completed
800693,200935,64,2024-05-09 16:51:00,2024-05-09 17:37:00,10.36,completed
800694,200936,109,2024-04-28 21:14:00,2024-04-28 21:53:00,0.95,completed
800695,200937,11,2024-05-22 19:25:00,2024-05-22 20:20:00,7.92,completed
800696,200938,72,2024-05-31 21:55:00,2024-05-31 22:48:00,16.94,completed
800697,200939,108,2024-06-09 17:51:00,2024-06-09 18:24:00,6.62,completed
800698,200940,117,2024-02-15 09:22:00,2024-02-15 10:12:00,16.41,completed
800699,200941,115,2024-02-05 03:00:00,2024-02-05 03:39:00,17.41,completed
800700,200942,7,2024-06-02 15:10:00,2024-06-02 16:00:00,6.22,completed
800701,200943,119,2024-05-02 23:22:00,2024-05-02 23:38:00,3.97,completed
800702,200944,98,2024-03-08 12:01:00,2024-03-08 12:42:00,7.95,completed
800703,200945,17,2024-03-29 22:34:00,2024-03-29 23:03:00,3.62,completed
800704,200947,44,2024-05-24 11:04:00,2024-05-24 11:18:00,9.02,completed
800705,200949,40,2024-06-25 04:50:00,2024-06-25 05:13:00,7.4,completed
800706,200950,36,2024-05-04 12:41:00,2024-05-04 13:22:00,2.33,completed
800707,200952,32,2024-04-18 13:10:00,2024-04-18 13:55:00,9.51,completed
800708,200953,44,2024-05-11 21:45:00,2024-05-11 22:05:00,12.74,completed
800709,200954,112,2024-04-20 02:37:00,2024-04-20 03:19:00,10.21,completed
800710,200955,110,2024-06-23 18:05:00,2024-06-23 18:24:00,17.69,completed
800711,200957,5,2024-04-01 01:24:00,2024-04-01 01:46:00,9.23,completed
800712,200958,6,2024-05-14 22:10:00,2024-05-14 22:54:00,5.63,completed
800713,200959,120,2024-01-06 15:00:00,2024-01-06 15:33:00,16.71,completed
800714,200960,34,2024-02-27 20:26:00,2024-02-27 21:12:00,2.14,completed
800715,200963,109,2024-01-07 14:00:00,2024-01-07 14:52:00,14.83,completed
800716,200965,117,2024-04-07 01:57:00,2024-04-07 02:28:00,5.59,completed
800717,200967,29,2024-04-10 10:27:00,2024-04-10 11:07:00,2.4,completed
800718,200968,90,2024-05-05 07:46:00,2024-05-05 08:40:00,17.56,completed
800719,200969,49,2024-04-21 18:12:00,2024-04-21 18:32:00,16.5,completed
800720,200971,67,2024-06-21 14:27:00,2024-06-21 14:51:00,1.35,completed
800721,200973,102,2024-05-14 20:20:00,2024-05-14 21:08:00,12.65,completed
800722,200974,40,2024-05-22 21:00:00,2024-05-22 21:26:00,4.19,completed
800723,200975,100,2024-02-14 11:55:00,2024-02-14 12:43:00,8.15,completed
800724,200976,80,2024-04-02 02:40:00,2024-04-02 03:13:00,17.02,completed
800725,200977,19,2024-02-13 16:34:00,2024-02-13 17:26:00,6.97,completed
800726,200979,65,2024-05-02 20:20:00,2024-05-02 20:32:00,12.04,completed
800727,200980,27,2024-03-05 19:27:00,2024-03-05 20:18:00,17.14,completed
800728,200981,95,2024-04-10 10:30:00,2024-04-10 10:52:00,5.83,completed
800729,200982,110,2024-02-06 11:39:00,2024-02-06 12:21:00,13.38,completed
800730,200984,37,2024-02-29 16:29:00,2024-02-29 17:15:00,2.45,completed
800731,200986,16,2024-01-29 01:50:00,2024-01-29 02:39:00,16.54,completed
800732,200987,120,2024-06-25 08:26:00,2024-06-25 08:58:00,9.91,completed
800733,200990,34,2024-05-21 07:36:00,2024-05-21 08:11:00,7.9,completed
800734,200991,115,2024-05-24 13:10:00,2024-05-24 13:26:00,6.79,completed
800735,200992,50,2024-06-20 03:22:00,2024-06-20 04:04:00,2.74,completed
800736,200993,46,2024-01-09 10:18:00,2024-01-09 10:56:00,10.55,completed
800737,200994,55,2024-01-25 14:07:00,2024-01-25 14:53:00,3.61,completed
800738,200995,48,2024-01-05 10:05:00,2024-01-05 10:36:00,9.58,completed
800739,200996,56,2024-06-02 11:39:00,2024-06-02 12:15:00,8.17,completed
800740,200997,66,2024-06-28 10:25:00,2024-06-28 11:13:00,15.86,completed
800741,201002,119,2024-04-07 09:20:00,2024-04-07 09:48:00,1.44,completed
800742,201003,77,2024-05-12 05:27:00,2024-05-12 05:42:00,14.99,completed
800743,201004,92,2024-05-13 05:15:00,2024-05-13 06:08:00,12.75,completed
800744,201005,38,2024-05-25 08:17:00,2024-05-25 08:57:00,9.35,completed
800745,201007,35,2024-03-16 08:29:00,2024-03-16 09:23:00,12.9,completed
800746,201008,6,2024-02-06 15:02:00,2024-02-06 15:40:00,6.95,completed
800747,201009,7,2024-01-19 12:38:00,2024-01-19 13:31:00,12.39,completed
800748,201011,20,2024-01-25 19:02:00,2024-01-25 19:32:00,12.77,completed
800749,201012,82,2024-03-05 17:00:00,2024-03-05 17:38:00,3.63,completed
800750,201013,66,2024-03-26 04:34:00,2024-03-26 04:46:00,3.82,completed
800751,201015,49,2024-03-14 21:43:00,2024-03-14 22:34:00,3.25,completed
800752,201016,41,2024-06-04 02:07:00,2024-06-04 02:55:00,15.45,completed
800753,201017,48,2024-03-20 11:58:00,2024-03-20 12:15:00,10.86,completed
800754,201018,71,2024-02-14 16:27:00,2024-02-14 17:21:00,17.13,completed
800755,201020,93,2024-01-06 21:49:00,2024-01-06 22:35:00,14.17,completed
800756,201022,79,2024-06-04 00:36:00,2024-06-04 00:59:00,8.52,completed
800757,201023,117,2024-04-20 12:45:00,2024-04-20 13:07:00,3.98,completed
800758,201025,67,2024-02-05 11:02:00,2024-02-05 11:43:00,9.29,completed
800759,201026,75,2024-04-04 20:17:00,2024-04-04 20:42:00,15.44,completed
800760,201028,73,2024-05-06 11:56:00,2024-05-06 12:41:00,13.68,completed
800761,201029,44,2024-04-15 05:18:00,2024-04-15 05:40:00,6.66,completed
800762,201030,96,2024-04-20 22:18:00,2024-04-20 22:59:00,2.66,completed
800763,201031,16,2024-01-05 09:25:00,2024-01-05 10:15:00,2.28,completed
800764,201032,19,2024-03-15 01:19:00,2024-03-15 01:42:00,8.37,completed
800765,201033,12,2024-02-12 01:17:00,2024-02-12 02:04:00,14.96,completed
800766,201034,1,2024-06-27 16:31:00,2024-06-27 16:53:00,5.76,completed
800767,201035,87,2024-01-10 01:50:00,2024-01-10 02:13:00,6.73,completed
800768,201036,74,2024-03-06 11:28:00,2024-03-06 12:02:00,8.47,completed
800769,201037,69,2024-05-16 07:16:00,2024-05-16 08:01:00,15.35,completed
800770,201039,6,2024-05-12 02:32:00,2024-05-12 03:11:00,10.82,completed
800771,201040,64,2024-01-14 05:17:00,2024-01-14 06:11:00,16.51,completed
800772,201041,94,2024-05-17 13:47:00,2024-05-17 14:23:00,4.63,completed
800773,201042,24,2024-05-17 21:29:00,2024-05-17 21:56:00,9.86,completed
800774,201043,50,2024-01-27 19:43:00,2024-01-27 19:59:00,17.8,completed
800775,201045,70,2024-03-02 11:38:00,2024-03-02 11:53:00,4.62,completed
800776,201046,17,2024-04-11 19:55:00,2024-04-11 20:32:00,0.96,completed
800777,201047,97,2024-06-21 09:11:00,2024-06-21 10:04:00,9.95,completed
800778,201048,54,2024-03-21 21:08:00,2024-03-21 21:40:00,8.81,completed
800779,201050,91,2024-02-29 21:14:00,2024-02-29 21:59:00,17.69,completed
800780,201052,38,2024-02-11 01:41:00,2024-02-11 02:04:00,2.45,completed
800781,201053,69,2024-03-31 14:55:00,2024-03-31 15:35:00,17.15,completed
800782,201054,87,2024-06-10 02:59:00,2024-06-10 03:16:00,4.03,completed
800783,201055,13,2024-03-26 15:32:00,2024-03-26 15:57:00,1.14,completed
800784,201057,47,2024-02-24 23:02:00,2024-02-24 23:14:00,12.49,completed
800785,201058,119,2024-03-16 05:19:00,2024-03-16 06:14:00,15.27,completed
800786,201060,55,2024-06-02 16:40:00,2024-06-02 17:07:00,0.94,completed
800787,201063,110,2024-01-16 10:04:00,2024-01-16 10:50:00,8.68,completed
800788,201064,34,2024-06-18 19:35:00,2024-06-18 19:58:00,10.65,completed
800789,201065,112,2024-05-11 03:10:00,2024-05-11 03:45:00,13.07,completed
800790,201066,95,2024-05-04 00:04:00,2024-05-04 00:36:00,11.7,completed
800791,201067,89,2024-02-25 04:34:00,2024-02-25 05:12:00,9.49,completed
800792,201068,54,2024-06-14 06:09:00,2024-06-14 07:00:00,9.41,completed
800793,201069,83,2024-02-16 01:58:00,2024-02-16 02:18:00,8.88,completed
800794,201071,1,2024-03-26 15:39:00,2024-03-26 16:08:00,14.15,completed
800795,201072,79,2024-03-15 09:11:00,2024-03-15 09:31:00,9.84,completed
800796,201073,69,2024-02-22 22:15:00,2024-02-22 22:53:00,3.61,completed
800797,201074,104,2024-04-04 11:49:00,2024-04-04 12:09:00,11.63,completed
800798,201075,69,2024-01-24 18:43:00,2024-01-24 19:05:00,6.72,completed
800799,201076,103,2024-04-03 05:16:00,2024-04-03 06:08:00,11.15,completed
800800,201077,77,2024-01-03 07:34:00,2024-01-03 07:58:00,2.21,completed
800801,201078,53,2024-04-24 00:08:00,2024-04-24 00:51:00,6.78,completed
800802,201079,120,2024-04-03 23:55:00,2024-04-04 00:09:00,12.54,completed
800803,201081,63,2024-02-26 21:01:00,2024-02-26 21:25:00,7.23,completed
800804,201083,77,2024-04-10 10:38:00,2024-04-10 11:06:00,14.29,completed
800805,201085,25,2024-03-03 17:09:00,2024-03-03 17:22:00,15.72,completed
800806,201086,24,2024-02-08 04:05:00,2024-02-08 04:26:00,11.91,completed
800807,201089,40,2024-01-06 15:32:00,2024-01-06 16:20:00,5.74,completed
800808,201090,16,2024-01-20 22:29:00,2024-01-20 22:41:00,17.0,completed
800809,201091,56,2024-01-29 17:46:00,2024-01-29 18:10:00,12.5,completed
800810,201092,67,2024-04-09 20:59:00,2024-04-09 21:19:00,3.09,completed
800811,201096,66,2024-05-09 16:08:00,2024-05-09 16:54:00,17.58,completed
800812,201097,119,2024-05-27 00:14:00,2024-05-27 01:08:00,6.73,completed
800813,201098,4,2024-03-03 13:43:00,2024-03-03 14:34:00,7.23,completed
800814,201099,92,2024-06-15 11:31:00,2024-06-15 11:46:00,8.66,completed
800815,201100,33,2024-04-16 22:41:00,2024-04-16 23:04:00,10.65,completed
800816,201101,116,2024-02-15 11:57:00,2024-02-15 12:09:00,12.77,completed
800817,201103,21,2024-01-30 16:05:00,2024-01-30 16:47:00,8.93,completed
800818,201104,53,2024-03-23 07:50:00,2024-03-23 08:41:00,10.95,completed
800819,201105,1,2024-01-16 23:14:00,2024-01-16 23:56:00,4.56,completed
800820,201106,94,2024-02-09 03:22:00,2024-02-09 03:36:00,8.37,completed
800821,201107,94,2024-05-14 12:18:00,2024-05-14 12:51:00,8.5,completed
800822,201108,112,2024-04-21 15:15:00,2024-04-21 16:00:00,4.56,completed
800823,201109,13,2024-05-28 02:05:00,2024-05-28 02:39:00,4.27,completed
800824,201110,8,2024-04-07 11:50:00,2024-04-07 12:04:00,7.21,completed
800825,201111,43,2024-06-14 09:34:00,2024-06-14 10:14:00,1.04,completed
800826,201113,10,2024-05-07 01:24:00,2024-05-07 01:55:00,17.0,completed
800827,201114,53,2024-02-15 02:33:00,2024-02-15 03:08:00,4.9,completed
800828,201116,108,2024-05-31 12:42:00,2024-05-31 13:22:00,1.75,completed
800829,201117,96,2024-06-29 05:11:00,2024-06-29 05:32:00,3.57,completed
800830,201118,18,2024-01-25 02:01:00,2024-01-25 02:51:00,7.16,completed
800831,201119,54,2024-06-21 07:07:00,2024-06-21 07:55:00,10.98,completed
800832,201120,113,2024-02-24 20:26:00,2024-02-24 20:53:00,1.18,completed
800833,201122,14,2024-03-26 20:18:00,2024-03-26 20:32:00,4.36,completed
800834,201123,97,2024-05-16 22:38:00,2024-05-16 23:23:00,17.05,completed
800835,201124,117,2024-01-16 06:34:00,2024-01-16 07:22:00,8.35,completed
800836,201125,45,2024-02-15 14:21:00,2024-02-15 15:10:00,4.85,completed
800837,201127,66,2024-06-15 21:22:00,2024-06-15 22:12:00,17.12,completed
800838,201129,62,2024-04-11 17:48:00,2024-04-11 18:31:00,8.54,completed
800839,201131,77,2024-03-07 10:48:00,2024-03-07 11:37:00,1.73,completed
800840,201132,62,2024-03-20 13:47:00,2024-03-20 14:41:00,9.06,completed
800841,201133,95,2024-01-09 22:58:00,2024-01-09 23:20:00,3.54,completed
800842,201134,49,2024-05-09 20:11:00,2024-05-09 20:58:00,10.27,completed
800843,201135,55,2024-03-04 06:06:00,2024-03-04 06:27:00,1.09,completed
800844,201137,17,2024-03-09 14:49:00,2024-03-09 15:27:00,16.0,completed
800845,201139,54,2024-05-13 19:19:00,2024-05-13 19:48:00,13.81,completed
800846,201140,119,2024-04-15 22:56:00,2024-04-15 23:13:00,3.95,completed
800847,201142,10,2024-06-10 14:16:00,2024-06-10 14:51:00,10.61,completed
800848,201143,58,2024-01-07 16:51:00,2024-01-07 17:40:00,2.49,completed
800849,201144,120,2024-01-16 05:19:00,2024-01-16 06:06:00,15.87,completed
800850,201145,58,2024-03-01 20:45:00,2024-03-01 21:36:00,17.98,completed
800851,201147,22,2024-02-19 16:13:00,2024-02-19 16:54:00,2.25,completed
800852,201148,107,2024-01-23 21:46:00,2024-01-23 22:18:00,12.3,completed
800853,201150,74,2024-03-29 18:25:00,2024-03-29 18:58:00,1.39,completed
800854,201151,101,2024-01-20 00:43:00,2024-01-20 01:04:00,12.98,completed
800855,201154,66,2024-04-01 13:47:00,2024-04-01 14:01:00,11.63,completed
800856,201155,62,2024-03-12 21:51:00,2024-03-12 22:07:00,12.14,completed
800857,201157,19,2024-02-11 00:59:00,2024-02-11 01:42:00,6.24,completed
800858,201158,79,2024-03-22 01:23:00,2024-03-22 01:59:00,4.46,completed
800859,201159,53,2024-03-02 13:53:00,2024-03-02 14:42:00,3.81,completed
800860,201160,70,2024-05-15 19:53:00,2024-05-15 20:41:00,16.03,completed
800861,201161,80,2024-06-17 05:17:00,2024-06-17 06:10:00,1.39,completed
800862,201162,29,2024-04-22 14:36:00,2024-04-22 15:18:00,4.66,completed
800863,201163,112,2024-03-12 00:17:00,2024-03-12 00:37:00,10.65,completed
800864,201164,75,2024-01-01 14:35:00,2024-01-01 15:10:00,5.59,completed
800865,201165,89,2024-05-16 10:26:00,2024-05-16 10:59:00,10.79,completed
800866,201166,96,2024-03-16 23:46:00,2024-03-17 00:41:00,13.34,completed
800867,201167,115,2024-04-01 05:08:00,2024-04-01 05:30:00,13.97,completed
800868,201169,80,2024-06-21 05:37:00,2024-06-21 06:08:00,11.61,completed
800869,201170,38,2024-01-11 09:45:00,2024-01-11 09:59:00,2.04,completed
800870,201171,7,2024-02-23 20:22:00,2024-02-23 20:57:00,10.82,completed
800871,201172,95,2024-06-01 00:19:00,2024-06-01 01:00:00,10.85,completed
800872,201173,120,2024-04-16 02:25:00,2024-04-16 02:47:00,0.92,completed
800873,201175,6,2024-04-13 14:52:00,2024-04-13 15:19:00,3.57,completed
800874,201176,29,2024-05-04 23:56:00,2024-05-05 00:10:00,9.33,completed
800875,201177,30,2024-04-24 09:48:00,2024-04-24 10:03:00,12.53,completed
800876,201179,116,2024-05-27 09:53:00,2024-05-27 10:44:00,11.5,completed
800877,201180,7,2024-04-29 19:59:00,2024-04-29 20:18:00,13.23,completed
800878,201181,69,2024-02-14 22:23:00,2024-02-14 22:44:00,16.98,completed
800879,201182,16,2024-03-01 12:16:00,2024-03-01 12:28:00,15.14,completed
800880,201185,113,2024-05-14 10:19:00,2024-05-14 10:58:00,2.88,completed
800881,201186,79,2024-01-29 11:58:00,2024-01-29 12:33:00,13.73,completed
800882,201187,16,2024-04-15 18:08:00,2024-04-15 18:47:00,9.78,completed
800883,201190,2,2024-03-03 18:51:00,2024-03-03 19:10:00,5.54,completed
800884,201191,106,2024-04-08 02:28:00,2024-04-08 02:42:00,1.38,completed
800885,201192,39,2024-04-14 21:54:00,2024-04-14 22:21:00,15.47,completed
800886,201193,36,2024-01-22 03:24:00,2024-01-22 04:09:00,13.91,completed
800887,201194,118,2024-01-16 07:39:00,2024-01-16 08:24:00,14.08,completed
800888,201195,89,2024-02-11 18:29:00,2024-02-11 19:01:00,12.86,completed
800889,201197,65,2024-02-23 13:54:00,2024-02-23 14:40:00,15.48,completed
800890,201198,91,2024-06-15 05:33:00,2024-06-15 05:52:00,4.01,completed
800891,201199,48,2024-05-31 05:06:00,2024-05-31 05:24:00,9.71,completed
800892,201200,47,2024-06-01 08:45:00,2024-06-01 09:19:00,10.34,completed
