order_id,customer_id,restaurant_id,order_ts,status,subtotal,tax,delivery_fee,tip,total
200001,17,73,2024-04-10 16:33:00,delivered,80.19,6.42,3.99,16.04,106.64
200002,48,64,2024-02-04 08:54:00,delivered,20.88,1.67,3.99,4.18,30.72
200003,24,94,2024-04-24 10:55:00,delivered,5.9,0.47,3.99,1.18,11.54
200004,39,87,2024-06-20 00:21:00,delivered,58.97,4.72,3.99,5.9,73.58
200005,75,69,2024-03-21 03:47:00,delivered,51.09,4.09,3.99,10.22,69.39
200006,73,74,2024-06-15 00:20:00,delivered,5.52,0.44,3.99,0.83,10.78
200007,83,71,2024-04-09 19:20:00,delivered,87.45,7.0,3.99,17.49,115.93
200008,13,44,2024-02-02 14:30:00,cancelled,39.05,3.12,0.0,0.0,42.17
200009,69,73,2024-02-01 18:08:00,delivered,83.13,6.65,3.99,16.63,110.4
200010,49,48,2024-04-21 19:05:00,delivered,68.72,5.5,3.99,13.74,91.95
200011,90,7,2024-01-09 18:55:00,delivered,39.51,3.16,3.99,7.9,54.56
200012,78,62,2024-06-22 15:32:00,delivered,15.26,1.22,3.99,2.29,22.76
200013,96,73,2024-03-01 23:46:00,cancelled,26.73,2.14,0.0,0.0,28.87
200014,78,75,2024-05-09 05:00:00,delivered,66.9,5.35,3.99,6.69,82.93
200015,44,27,2024-03-02 00:14:00,delivered,12.95,1.04,3.99,1.94,19.92
200016,37,94,2024-06-20 04:04:00,delivered,30.82,2.47,3.99,3.08,40.36
200017,34,84,2024-05-22 03:58:00,delivered,14.48,1.16,3.99,1.45,21.08
200018,29,48,2024-05-15 02:22:00,delivered,58.17,4.65,3.99,5.82,72.63
200019,31,98,2024-04-09 05:40:00,delivered,149.22,11.94,3.99,14.92,180.07
200020,90,21,2024-02-16 01:01:00,cancelled,37.51,3.0,0.0,0.0,40.51
200021,98,43,2024-05-08 03:29:00,delivered,23.14,1.85,3.99,4.63,33.61
200022,30,33,2024-04-06 07:46:00,delivered,21.5,1.72,3.99,3.23,30.44
200023,81,11,2024-06-02 01:29:00,delivered,45.24,3.62,3.99,9.05,61.9
200024,55,98,2024-06-16 16:12:00,delivered,21.43,1.71,3.99,4.29,31.42
200025,47,67,2024-02-14 18:26:00,delivered,21.3,1.7,3.99,4.26,31.25
200026,38,4,2024-03-21 03:16:00,cancelled,28.5,2.28,0.0,0.0,30.78
200027,30,78,2024-01-04 20:42:00,cancelled,39.84,3.19,0.0,0.0,43.03
200028,72,32,2024-05-27 21:36:00,delivered,89.14,7.13,3.99,8.91,109.17
200029,72,4,2024-01-23 21:13:00,delivered,54.25,4.34,3.99,5.43,68.01
200030,26,77,2024-02-26 19:42:00,delivered,45.18,3.61,3.99,6.78,59.56
200031,50,8,2024-05-14 01:54:00,delivered,32.26,2.58,3.99,4.84,43.67
200032,26,7,2024-05-18 11:22:00,delivered,21.08,1.69,3.99,2.11,28.87
200033,33,71,2024-06-26 05:29:00,delivered,39.54,3.16,3.99,5.93,52.62
200034,21,17,2024-05-22 16:57:00,delivered,24.36,1.95,3.99,3.65,33.95
200035,60,92,2024-04-17 05:31:00,delivered,29.98,2.4,3.99,6.0,42.37
200036,36,70,2024-04-04 08:22:00,delivered,89.0,7.12,3.99,17.8,117.91
200037,45,99,2024-05-29 15:57:00,delivered,98.69,7.9,3.99,19.74,130.32
200038,21,16,2024-04-30 19:45:00,delivered,31.2,2.5,3.99,6.24,43.93
200039,96,64,2024-04-19 08:22:00,cancelled,96.7,7.74,0.0,0.0,104.44
200040,89,16,2024-06-14 13:57:00,cancelled,93.69,7.5,0.0,0.0,101.19
200041,21,74,2024-05-06 12:17:00,delivered,27.2,2.18,3.99,2.72,36.09
200042,28,91,2024-06-09 21:45:00,delivered,104.73,8.38,3.99,15.71,132.81
200043,2,25,2024-06-16 23:03:00,cancelled,130.85,10.47,0.0,0.0,141.32
200044,7,23,2024-01-16 16:33:00,delivered,5.04,0.4,3.99,0.5,9.93
200045,89,95,2024-02-10 13:15:00,delivered,96.6,7.73,3.99,9.66,117.98
200046,51,85,2024-01-13 14:27:00,delivered,50.9,4.07,3.99,7.63,66.59
200047,77,98,2024-01-18 10:35:00,delivered,108.39,8.67,3.99,21.68,142.73
200048,89,69,2024-01-14 17:04:00,delivered,4.37,0.35,3.99,0.66,9.37
200049,57,52,2024-03-17 05:03:00,cancelled,10.92,0.87,0.0,0.0,11.79
200050,12,33,2024-04-28 01:19:00,delivered,58.71,4.7,3.99,11.74,79.14
200051,77,92,2024-03-31 02:12:00,cancelled,53.08,4.25,0.0,0.0,57.33
200052,46,2,2024-03-31 13:40:00,delivered,28.0,2.24,3.99,5.6,39.83
200053,90,4,2024-04-05 20:46:00,cancelled,52.25,4.18,0.0,0.0,56.43
200054,99,56,2024-01-08 15:26:00,cancelled,95.82,7.67,0.0,0.0,103.49
200055,30,12,2024-04-26 02:18:00,delivered,49.28,3.94,3.99,7.39,64.6
200056,14,23,2024-04-06 12:17:00,delivered,23.26,1.86,3.99,2.33,31.44
200057,4,29,2024-04-20 09:02:00,cancelled,76.91,6.15,0.0,0.0,83.06
200058,11,15,2024-01-02 00:02:00,delivered,15.53,1.24,3.99,2.33,23.09
200059,83,61,2024-06-11 14:42:00,delivered,70.17,5.61,3.99,14.03,93.8
200060,28,98,2024-05-12 16:39:00,cancelled,67.9,5.43,0.0,0.0,73.33
200061,88,24,2024-05-17 12:18:00,delivered,21.16,1.69,3.99,3.17,30.01
200062,10,32,2024-01-13 13:07:00,delivered,88.79,7.1,3.99,8.88,108.76
200063,47,82,2024-06-07 12:58:00,delivered,86.62,6.93,3.99,8.66,106.2
200064,45,31,2024-03-29 07:58:00,delivered,33.21,2.66,3.99,4.98,44.84
200065,28,7,2024-04-29 18:33:00,delivered,25.04,2.0,3.99,2.5,33.53
200066,16,54,2024-02-10 20:21:00,cancelled,26.26,2.1,0.0,0.0,28.36
200067,84,99,2024-06-06 20:19:00,delivered,36.34,2.91,3.99,5.45,48.69
200068,95,96,2024-05-20 06:33:00,delivered,93.69,7.5,3.99,18.74,123.92
200069,74,33,2024-06-22 10:11:00,cancelled,12.36,0.99,0.0,0.0,13.35
200070,48,85,2024-01-08 12:52:00,delivered,84.25,6.74,3.99,12.64,107.62
200071,88,48,2024-03-01 03:56:00,delivered,73.5,5.88,3.99,7.35,90.72
200072,43,48,2024-05-31 17:39:00,delivered,43.99,3.52,3.99,4.4,55.9
200073,1,77,2024-06-30 08:05:00,cancelled,7.2,0.58,0.0,0.0,7.78
200074,53,2,2024-03-28 05:02:00,delivered,25.5,2.04,3.99,5.1,36.63
200075,87,2,2024-05-03 18:02:00,cancelled,91.5,7.32,0.0,0.0,98.82
200076,57,59,2024-06-24 22:46:00,delivered,40.08,3.21,3.99,4.01,51.29
200077,32,15,2024-01-08 23:45:00,delivered,15.53,1.24,3.99,2.33,23.09
200078,54,36,2024-06-12 02:59:00,delivered,21.95,1.76,3.99,3.29,30.99
200079,6,78,2024-05-02 03:23:00,delivered,115.65,9.25,3.99,17.35,146.24
200080,68,61,2024-03-12 07:24:00,delivered,79.98,6.4,3.99,16.0,106.37
200081,74,35,2024-01-26 05:50:00,cancelled,78.42,6.27,0.0,0.0,84.69
200082,44,77,2024-03-17 20:49:00,delivered,42.98,3.44,3.99,8.6,59.01
200083,45,20,2024-01-03 01:16:00,delivered,54.07,4.33,3.99,5.41,67.8
200084,91,47,2024-06-05 23:42:00,delivered,73.08,5.85,3.99,7.31,90.23
200085,15,1,2024-05-01 12:44:00,delivered,11.5,0.92,3.99,1.72,18.13
200086,92,10,2024-05-30 00:38:00,delivered,24.27,1.94,3.99,3.64,33.84
200087,68,68,2024-06-02 09:27:00,cancelled,47.52,3.8,0.0,0.0,51.32
200088,22,27,2024-06-19 15:06:00,delivered,74.17,5.93,3.99,11.13,95.22
200089,13,44,2024-02-05 01:44:00,delivered,6.28,0.5,3.99,0.63,11.4
200090,98,76,2024-01-26 06:46:00,delivered,26.56,2.12,3.99,2.66,35.33
200091,71,91,2024-03-29 22:04:00,delivered,57.24,4.58,3.99,8.59,74.4
200092,63,18,2024-04-03 23:30:00,delivered,72.17,5.77,3.99,10.83,92.76
200093,16,51,2024-06-14 02:29:00,cancelled,19.03,1.52,0.0,0.0,20.55
200094,87,39,2024-05-16 05:32:00,delivered,44.57,3.57,3.99,4.46,56.59
200095,84,71,2024-03-07 11:03:00,delivered,72.03,5.76,3.99,10.8,92.58
200096,48,65,2024-02-08 05:58:00,delivered,59.94,4.8,3.99,5.99,74.72
200097,60,45,2024-01-29 13:59:00,delivered,63.01,5.04,3.99,6.3,78.34
200098,5,17,2024-03-28 09:10:00,delivered,35.62,2.85,3.99,3.56,46.02
200099,80,19,2024-01-24 13:13:00,delivered,72.62,5.81,3.99,10.89,93.31
200100,28,33,2024-01-22 19:07:00,delivered,64.5,5.16,3.99,6.45,80.1
200101,81,65,2024-04-18 22:44:00,cancelled,12.82,1.03,0.0,0.0,13.85
200102,68,99,2024-03-14 21:25:00,delivered,70.85,5.67,3.99,10.63,91.14
200103,23,25,2024-03-21 20:03:00,cancelled,93.58,7.49,0.0,0.0,101.07
200104,37,52,2024-03-10 18:25:00,delivered,48.73,3.9,3.99,4.87,61.49
200105,33,71,2024-03-29 04:14:00,cancelled,42.88,3.43,0.0,0.0,46.31
200106,64,28,2024-03-12 17:57:00,cancelled,53.0,4.24,0.0,0.0,57.24
200107,4,96,2024-06-13 13:17:00,delivered,80.46,6.44,3.99,16.09,106.98
200108,48,43,2024-02-28 17:46:00,cancelled,11.15,0.89,0.0,0.0,12.04
200109,75,78,2024-06-28 01:00:00,cancelled,131.61,10.53,0.0,0.0,142.14
200110,99,23,2024-06-20 09:16:00,delivered,10.83,0.87,3.99,1.62,17.31
200111,59,34,2024-04-15 18:40:00,delivered,35.5,2.84,3.99,3.55,45.88
200112,50,20,2024-06-07 08:09:00,delivered,23.28,1.86,3.99,2.33,31.46
200113,34,24,2024-05-21 09:50:00,delivered,103.09,8.25,3.99,20.62,135.95
200114,3,36,2024-06-05 09:00:00,delivered,28.32,2.27,3.99,2.83,37.41
200115,54,50,2024-02-10 00:04:00,delivered,16.44,1.32,3.99,3.29,25.04
200116,66,24,2024-03-03 23:51:00,delivered,61.13,4.89,3.99,12.23,82.24
200117,65,84,2024-01-17 01:55:00,delivered,13.71,1.1,3.99,1.37,20.17
200118,5,79,2024-06-19 07:25:00,delivered,26.2,2.1,3.99,3.93,36.22
200119,98,91,2024-01-16 20:45:00,delivered,55.56,4.44,3.99,5.56,69.55
200120,23,21,2024-03-15 14:04:00,cancelled,35.34,2.83,0.0,0.0,38.17
200121,95,5,2024-05-31 14:51:00,delivered,37.95,3.04,3.99,7.59,52.57
200122,78,19,2024-05-21 11:46:00,delivered,76.68,6.13,3.99,7.67,94.47
200123,85,90,2024-06-23 22:46:00,delivered,3.75,0.3,3.99,0.56,8.6
200124,42,82,2024-05-31 18:51:00,delivered,44.13,3.53,3.99,6.62,58.27
200125,23,88,2024-02-29 10:55:00,cancelled,48.17,3.85,0.0,0.0,52.02
200126,20,61,2024-05-01 13:01:00,delivered,60.9,4.87,3.99,9.13,78.89
200127,96,22,2024-06-12 14:51:00,delivered,9.72,0.78,3.99,1.94,16.43
200128,37,34,2024-06-29 14:13:00,delivered,74.18,5.93,3.99,7.42,91.52
200129,34,86,2024-05-11 06:18:00,delivered,13.88,1.11,3.99,1.39,20.37
200130,35,28,2024-02-08 18:10:00,delivered,17.14,1.37,3.99,2.57,25.07
200131,6,59,2024-01-09 01:44:00,delivered,18.69,1.5,3.99,2.8,26.98
200132,39,11,2024-05-12 02:45:00,delivered,45.24,3.62,3.99,4.52,57.37
200133,96,55,2024-04-16 04:45:00,delivered,40.36,3.23,3.99,4.04,51.62
200134,14,27,2024-02-24 19:20:00,delivered,17.66,1.41,3.99,3.53,26.59
200135,44,79,2024-04-25 09:13:00,cancelled,23.84,1.91,0.0,0.0,25.75
200136,82,37,2024-04-23 14:46:00,delivered,54.42,4.35,3.99,8.16,70.92
200137,58,2,2024-04-25 11:14:00,delivered,9.0,0.72,3.99,0.9,14.61
200138,44,28,2024-02-13 14:45:00,cancelled,103.1,8.25,0.0,0.0,111.35
200139,40,32,2024-06-06 06:26:00,delivered,63.4,5.07,3.99,12.68,85.14
200140,97,62,2024-05-31 04:46:00,delivered,22.39,1.79,3.99,2.24,30.41
200141,54,12,2024-01-15 00:40:00,delivered,50.55,4.04,3.99,5.05,63.63
200142,13,29,2024-05-17 23:46:00,delivered,6.63,0.53,3.99,0.66,11.81
200143,71,1,2024-05-07 14:10:00,delivered,29.75,2.38,3.99,4.46,40.58
200144,60,52,2024-04-13 21:48:00,delivered,75.27,6.02,3.99,7.53,92.81
200145,96,50,2024-05-19 17:24:00,delivered,51.38,4.11,3.99,7.71,67.19
200146,64,40,2024-03-17 19:20:00,cancelled,42.82,3.43,0.0,0.0,46.25
200147,17,47,2024-05-25 11:53:00,delivered,27.93,2.23,3.99,4.19,38.34
200148,64,6,2024-02-06 02:04:00,delivered,65.75,5.26,3.99,9.86,84.86
200149,25,71,2024-03-17 00:00:00,cancelled,39.54,3.16,0.0,0.0,42.7
200150,50,83,2024-02-06 22:06:00,delivered,39.03,3.12,3.99,5.85,51.99
200151,86,71,2024-04-15 18:26:00,delivered,79.74,6.38,3.99,11.96,102.07
200152,75,11,2024-06-21 12:02:00,delivered,65.16,5.21,3.99,9.77,84.13
200153,66,40,2024-04-13 15:33:00,delivered,33.12,2.65,3.99,3.31,43.07
200154,38,9,2024-02-21 11:58:00,cancelled,50.02,4.0,0.0,0.0,54.02
200155,31,38,2024-04-03 18:25:00,delivered,76.34,6.11,3.99,7.63,94.07
200156,12,64,2024-04-25 03:51:00,delivered,70.87,5.67,3.99,14.17,94.7
200157,88,22,2024-03-02 03:32:00,delivered,19.26,1.54,3.99,1.93,26.72
200158,79,42,2024-03-11 02:40:00,delivered,37.57,3.01,3.99,5.64,50.21
200159,26,55,2024-04-05 10:17:00,delivered,64.12,5.13,3.99,9.62,82.86
200160,44,45,2024-03-12 07:28:00,delivered,72.16,5.77,3.99,10.82,92.74
200161,96,11,2024-06-24 09:45:00,delivered,39.78,3.18,3.99,7.96,54.91
200162,20,51,2024-04-02 12:19:00,cancelled,4.86,0.39,0.0,0.0,5.25
200163,92,23,2024-04-11 13:07:00,cancelled,7.22,0.58,0.0,0.0,7.8
200164,65,67,2024-04-19 16:28:00,delivered,7.4,0.59,3.99,1.48,13.46
200165,27,76,2024-01-07 03:44:00,delivered,14.91,1.19,3.99,2.24,22.33
200166,38,97,2024-06-20 16:14:00,delivered,26.75,2.14,3.99,5.35,38.23
200167,87,85,2024-05-12 03:43:00,delivered,21.13,1.69,3.99,4.23,31.04
200168,78,3,2024-05-17 19:43:00,delivered,41.25,3.3,3.99,4.12,52.66
200169,56,78,2024-06-29 08:01:00,delivered,33.19,2.66,3.99,4.98,44.82
200170,12,65,2024-04-07 15:39:00,delivered,49.6,3.97,3.99,4.96,62.52
200171,63,85,2024-01-06 01:28:00,cancelled,48.1,3.85,0.0,0.0,51.95
200172,72,55,2024-06-17 16:45:00,delivered,70.76,5.66,3.99,7.08,87.49
200173,48,88,2024-03-24 20:19:00,delivered,30.12,2.41,3.99,6.02,42.54
200174,12,25,2024-04-16 09:14:00,delivered,55.5,4.44,3.99,11.1,75.03
200175,47,14,2024-05-16 22:03:00,cancelled,3.66,0.29,0.0,0.0,3.95
200176,45,21,2024-02-27 09:46:00,delivered,62.8,5.02,3.99,6.28,78.09
200177,5,67,2024-03-27 00:45:00,delivered,36.1,2.89,3.99,7.22,50.2
200178,79,61,2024-06-03 05:38:00,cancelled,53.14,4.25,0.0,0.0,57.39
200179,81,10,2024-06-20 10:17:00,cancelled,8.09,0.65,0.0,0.0,8.74
200180,30,100,2024-03-07 08:17:00,delivered,88.59,7.09,3.99,8.86,108.53
200181,39,45,2024-03-30 16:15:00,cancelled,63.01,5.04,0.0,0.0,68.05
200182,79,44,2024-03-03 23:49:00,delivered,16.04,1.28,3.99,1.6,22.91
200183,29,24,2024-06-15 16:26:00,cancelled,182.31,14.58,0.0,0.0,196.89
200184,89,31,2024-06-20 12:12:00,cancelled,33.99,2.72,0.0,0.0,36.71
200185,61,39,2024-01-16 21:34:00,cancelled,35.04,2.8,0.0,0.0,37.84
200186,42,2,2024-04-29 20:09:00,delivered,50.0,4.0,3.99,7.5,65.49
200187,45,28,2024-03-14 00:29:00,delivered,26.5,2.12,3.99,5.3,37.91
200188,44,85,2024-02-15 08:23:00,cancelled,47.56,3.8,0.0,0.0,51.36
200189,19,15,2024-05-19 10:20:00,delivered,21.27,1.7,3.99,3.19,30.15
200190,69,19,2024-03-19 09:29:00,delivered,40.7,3.26,3.99,4.07,52.02
200191,73,64,2024-02-05 12:23:00,delivered,43.58,3.49,3.99,4.36,55.42
200192,54,66,2024-01-23 16:49:00,delivered,57.12,4.57,3.99,8.57,74.25
200193,96,46,2024-05-08 13:08:00,delivered,36.0,2.88,3.99,3.6,46.47
200194,88,25,2024-04-24 12:37:00,cancelled,112.35,8.99,0.0,0.0,121.34
200195,49,74,2024-04-24 11:35:00,cancelled,70.3,5.62,0.0,0.0,75.92
200196,41,86,2024-05-30 03:12:00,cancelled,41.84,3.35,0.0,0.0,45.19
200197,82,57,2024-04-28 16:38:00,cancelled,26.36,2.11,0.0,0.0,28.47
200198,17,61,2024-03-23 22:17:00,delivered,3.27,0.26,3.99,0.65,8.17
200199,61,36,2024-01-28 06:18:00,delivered,12.85,1.03,3.99,1.93,19.8
200200,74,9,2024-03-02 07:37:00,delivered,89.25,7.14,3.99,8.93,109.31
200201,38,5,2024-02-01 09:52:00,cancelled,37.95,3.04,0.0,0.0,40.99
200202,97,22,2024-06-15 16:26:00,delivered,58.49,4.68,3.99,5.85,73.01
200203,59,91,2024-01-31 22:29:00,delivered,89.58,7.17,3.99,13.44,114.18
200204,10,88,2024-05-04 16:30:00,delivered,24.47,1.96,3.99,2.45,32.87
200205,35,75,2024-01-05 10:51:00,delivered,52.12,4.17,3.99,10.42,70.7
200206,30,71,2024-04-26 11:36:00,delivered,60.98,4.88,3.99,6.1,75.95
200207,27,92,2024-02-24 04:28:00,delivered,44.3,3.54,3.99,6.64,58.47
200208,35,67,2024-01-20 16:31:00,delivered,65.2,5.22,3.99,9.78,84.19
200209,91,41,2024-02-27 09:39:00,delivered,30.04,2.4,3.99,6.01,42.44
200210,15,57,2024-02-08 02:50:00,delivered,60.66,4.85,3.99,9.1,78.6
200211,10,46,2024-05-28 20:17:00,delivered,108.05,8.64,3.99,16.21,136.89
200212,91,17,2024-04-03 05:33:00,cancelled,88.01,7.04,0.0,0.0,95.05
200213,88,30,2024-06-04 23:03:00,delivered,49.8,3.98,3.99,9.96,67.73
200214,40,44,2024-04-15 11:03:00,delivered,3.14,0.25,3.99,0.47,7.85
200215,61,8,2024-06-21 04:41:00,delivered,36.96,2.96,3.99,5.54,49.45
200216,30,97,2024-06-15 17:57:00,delivered,92.04,7.36,3.99,18.41,121.8
200217,75,40,2024-06-13 15:28:00,delivered,17.01,1.36,3.99,3.4,25.76
200218,42,47,2024-05-26 18:12:00,delivered,9.31,0.74,3.99,1.4,15.44
200219,77,94,2024-05-23 10:28:00,delivered,8.85,0.71,3.99,0.89,14.44
200220,33,69,2024-05-07 03:17:00,delivered,20.73,1.66,3.99,3.11,29.49
200221,13,67,2024-02-20 06:44:00,delivered,43.25,3.46,3.99,4.33,55.03
200222,60,33,2024-05-19 01:27:00,delivered,9.01,0.72,3.99,1.8,15.52
200223,67,34,2024-02-13 00:57:00,delivered,31.53,2.52,3.99,4.73,42.77
200224,78,14,2024-05-08 00:36:00,delivered,3.66,0.29,3.99,0.55,8.49
200225,74,47,2024-03-27 18:06:00,delivered,32.6,2.61,3.99,3.26,42.46
200226,22,95,2024-01-22 20:17:00,delivered,21.5,1.72,3.99,3.23,30.44
200227,79,45,2024-03-21 15:28:00,delivered,14.97,1.2,3.99,2.25,22.41
200228,67,94,2024-02-25 23:19:00,delivered,26.55,2.12,3.99,3.98,36.64
200229,22,33,2024-01-17 04:28:00,delivered,71.07,5.69,3.99,10.66,91.41
200230,92,68,2024-04-18 15:19:00,delivered,35.38,2.83,3.99,5.31,47.51
200231,33,9,2024-03-08 11:18:00,delivered,75.91,6.07,3.99,7.59,93.56
200232,4,74,2024-06-01 18:09:00,cancelled,21.68,1.73,0.0,0.0,23.41
200233,79,98,2024-02-01 07:23:00,cancelled,149.22,11.94,0.0,0.0,161.16
200234,34,25,2024-03-22 12:02:00,delivered,55.83,4.47,3.99,8.37,72.66
200235,88,27,2024-01-27 08:24:00,delivered,25.9,2.07,3.99,3.88,35.84
200236,59,25,2024-04-20 08:45:00,cancelled,56.58,4.53,0.0,0.0,61.11
200237,48,82,2024-05-15 20:45:00,cancelled,53.29,4.26,0.0,0.0,57.55
200238,67,66,2024-03-22 19:40:00,cancelled,72.47,5.8,0.0,0.0,78.27
200239,95,75,2024-05-15 03:18:00,delivered,43.32,3.47,3.99,8.66,59.44
200240,65,14,2024-06-26 12:58:00,cancelled,57.34,4.59,0.0,0.0,61.93
200241,19,56,2024-05-05 15:19:00,cancelled,35.2,2.82,0.0,0.0,38.02
200242,1,66,2024-06-04 00:04:00,delivered,61.29,4.9,3.99,6.13,76.31
200243,76,89,2024-04-07 10:34:00,delivered,29.39,2.35,3.99,2.94,38.67
200244,35,37,2024-05-05 23:30:00,delivered,39.8,3.18,3.99,7.96,54.93
200245,59,71,2024-03-25 00:40:00,cancelled,5.36,0.43,0.0,0.0,5.79
200246,38,63,2024-03-15 06:29:00,delivered,98.93,7.91,3.99,19.79,130.62
200247,79,64,2024-05-10 07:24:00,cancelled,28.75,2.3,0.0,0.0,31.05
200248,10,17,2024-03-24 11:24:00,delivered,104.25,8.34,3.99,15.64,132.22
200249,60,100,2024-02-12 03:01:00,delivered,37.62,3.01,3.99,3.76,48.38
200250,7,27,2024-06-08 08:08:00,delivered,16.72,1.34,3.99,1.67,23.72
200251,83,44,2024-02-08 18:33:00,delivered,9.42,0.75,3.99,1.88,16.04
200252,40,68,2024-05-30 18:56:00,cancelled,23.98,1.92,0.0,0.0,25.9
200253,14,13,2024-02-09 12:58:00,delivered,15.72,1.26,3.99,1.57,22.54
200254,42,98,2024-03-15 04:15:00,delivered,58.65,4.69,3.99,5.87,73.2
200255,79,56,2024-01-24 13:48:00,delivered,60.62,4.85,3.99,12.12,81.58
200256,5,37,2024-02-12 21:01:00,cancelled,105.24,8.42,0.0,0.0,113.66
200257,37,1,2024-02-05 16:07:00,delivered,17.0,1.36,3.99,1.7,24.05
200258,60,72,2024-04-29 13:56:00,delivered,22.0,1.76,3.99,2.2,29.95
200259,41,77,2024-04-18 22:54:00,delivered,7.2,0.58,3.99,1.08,12.85
200260,18,40,2024-02-21 16:23:00,delivered,17.01,1.36,3.99,3.4,25.76
200261,9,54,2024-04-02 15:14:00,cancelled,67.24,5.38,0.0,0.0,72.62
200262,57,80,2024-02-23 03:32:00,delivered,81.94,6.56,3.99,16.39,108.88
200263,96,97,2024-03-08 04:52:00,delivered,62.79,5.02,3.99,6.28,78.08
200264,74,89,2024-01-07 17:23:00,cancelled,110.16,8.81,0.0,0.0,118.97
200265,16,96,2024-03-24 12:48:00,cancelled,66.09,5.29,0.0,0.0,71.38
200266,44,48,2024-05-17 07:52:00,delivered,28.66,2.29,3.99,2.87,37.81
200267,32,29,2024-01-21 12:19:00,cancelled,58.98,4.72,0.0,0.0,63.7
200268,60,82,2024-06-27 23:01:00,delivered,123.86,9.91,3.99,24.77,162.53
200269,3,69,2024-02-17 21:27:00,cancelled,22.2,1.78,0.0,0.0,23.98
200270,80,75,2024-03-29 02:51:00,cancelled,110.22,8.82,0.0,0.0,119.04
200271,40,88,2024-04-14 08:53:00,cancelled,70.09,5.61,0.0,0.0,75.7
200272,82,74,2024-03-15 02:13:00,cancelled,37.58,3.01,0.0,0.0,40.59
200273,28,26,2024-02-26 01:14:00,delivered,61.08,4.89,3.99,9.16,79.12
200274,73,49,2024-03-23 13:28:00,delivered,19.36,1.55,3.99,2.9,27.8
200275,49,53,2024-05-06 16:08:00,delivered,97.57,7.81,3.99,19.51,128.88
200276,53,60,2024-03-27 14:36:00,delivered,76.5,6.12,3.99,7.65,94.26
200277,43,9,2024-06-17 13:18:00,cancelled,12.46,1.0,0.0,0.0,13.46
200278,78,40,2024-06-28 10:15:00,delivered,9.7,0.78,3.99,1.45,15.92
200279,46,14,2024-01-13 09:04:00,delivered,34.26,2.74,3.99,5.14,46.13
200280,7,90,2024-01-26 20:19:00,delivered,51.34,4.11,3.99,7.7,67.14
200281,15,42,2024-06-22 01:46:00,delivered,64.96,5.2,3.99,12.99,87.14
200282,69,77,2024-05-01 11:11:00,delivered,46.58,3.73,3.99,9.32,63.62
200283,40,2,2024-02-26 03:14:00,delivered,49.5,3.96,3.99,9.9,67.35
200284,36,49,2024-06-05 23:02:00,cancelled,118.74,9.5,0.0,0.0,128.24
200285,78,5,2024-03-14 04:49:00,cancelled,69.82,5.59,0.0,0.0,75.41
200286,44,18,2024-05-16 04:18:00,delivered,14.25,1.14,3.99,2.85,22.23
200287,26,8,2024-06-29 17:32:00,cancelled,4.7,0.38,0.0,0.0,5.08
200288,48,91,2024-04-20 17:03:00,delivered,51.21,4.1,3.99,10.24,69.54
200289,78,82,2024-04-09 11:13:00,delivered,81.37,6.51,3.99,16.27,108.14
200290,73,15,2024-02-15 16:45:00,delivered,36.67,2.93,3.99,7.33,50.92
200291,100,13,2024-01-15 15:57:00,delivered,56.77,4.54,3.99,5.68,70.98
200292,82,67,2024-03-09 22:45:00,delivered,65.5,5.24,3.99,6.55,81.28
200293,91,29,2024-05-14 10:27:00,cancelled,39.32,3.15,0.0,0.0,42.47
200294,30,2,2024-03-15 14:35:00,delivered,42.5,3.4,3.99,4.25,54.14
200295,20,94,2024-01-20 23:19:00,delivered,49.84,3.99,3.99,4.98,62.8
200296,100,74,2024-02-11 11:24:00,cancelled,43.1,3.45,0.0,0.0,46.55
200297,36,69,2024-04-24 10:19:00,delivered,46.41,3.71,3.99,6.96,61.07
200298,24,44,2024-02-17 16:24:00,delivered,16.04,1.28,3.99,1.6,22.91
200299,5,81,2024-02-20 06:38:00,delivered,49.44,3.96,3.99,9.89,67.28
200300,84,61,2024-03-28 15:25:00,delivered,29.57,2.37,3.99,4.44,40.37
200301,16,74,2024-03-16 13:17:00,delivered,11.04,0.88,3.99,2.21,18.12
200302,31,22,2024-01-13 19:52:00,delivered,9.63,0.77,3.99,0.96,15.35
200303,66,100,2024-02-23 01:17:00,cancelled,114.24,9.14,0.0,0.0,123.38
200304,84,68,2024-01-01 15:05:00,delivered,20.1,1.61,3.99,3.02,28.72
200305,18,47,2024-01-11 23:14:00,delivered,18.62,1.49,3.99,3.72,27.82
200306,24,3,2024-02-26 07:08:00,delivered,7.75,0.62,3.99,1.16,13.52
200307,58,66,2024-02-25 20:31:00,delivered,58.16,4.65,3.99,8.72,75.52
200308,40,17,2024-06-28 19:43:00,delivered,53.43,4.27,3.99,10.69,72.38
200309,72,7,2024-03-01 11:25:00,delivered,38.9,3.11,3.99,7.78,53.78
200310,52,16,2024-05-30 17:51:00,delivered,61.71,4.94,3.99,9.26,79.9
200311,1,61,2024-03-22 20:16:00,delivered,26.84,2.15,3.99,2.68,35.66
200312,93,32,2024-04-11 00:47:00,delivered,38.51,3.08,3.99,7.7,53.28
200313,48,82,2024-06-28 10:43:00,delivered,29.42,2.35,3.99,5.88,41.64
200314,38,100,2024-03-01 23:04:00,delivered,73.53,5.88,3.99,14.71,98.11
200315,65,86,2024-06-09 06:38:00,delivered,27.76,2.22,3.99,2.78,36.75
200316,72,83,2024-05-24 09:57:00,delivered,21.02,1.68,3.99,4.2,30.89
200317,14,84,2024-02-28 15:07:00,delivered,30.1,2.41,3.99,3.01,39.51
200318,26,6,2024-03-05 02:48:00,delivered,21.46,1.72,3.99,2.15,29.32
200319,51,69,2024-03-15 06:18:00,delivered,23.63,1.89,3.99,4.73,34.24
200320,7,88,2024-03-23 07:43:00,delivered,61.56,4.92,3.99,6.16,76.63
200321,75,12,2024-04-01 12:21:00,delivered,37.26,2.98,3.99,5.59,49.82
200322,64,96,2024-02-17 16:04:00,cancelled,36.02,2.88,0.0,0.0,38.9
200323,56,80,2024-06-17 07:23:00,delivered,87.7,7.02,3.99,13.15,111.86
200324,90,88,2024-06-08 17:48:00,delivered,100.65,8.05,3.99,15.1,127.79
200325,10,54,2024-03-28 22:59:00,delivered,22.55,1.8,3.99,4.51,32.85
200326,34,26,2024-02-16 03:17:00,cancelled,46.05,3.68,0.0,0.0,49.73
200327,79,44,2024-04-30 14:57:00,delivered,59.09,4.73,3.99,11.82,79.63
200328,6,24,2024-02-18 23:06:00,delivered,75.79,6.06,3.99,15.16,101.0
200329,41,21,2024-01-29 02:03:00,cancelled,90.52,7.24,0.0,0.0,97.76
200330,65,69,2024-03-14 21:20:00,delivered,35.31,2.82,3.99,5.3,47.42
200331,7,8,2024-06-19 01:14:00,cancelled,69.91,5.59,0.0,0.0,75.5
200332,62,27,2024-01-31 22:53:00,delivered,60.28,4.82,3.99,6.03,75.12
200333,84,7,2024-05-02 17:29:00,delivered,36.19,2.9,3.99,7.24,50.32
200334,75,82,2024-04-23 15:43:00,cancelled,101.33,8.11,0.0,0.0,109.44
200335,14,6,2024-04-09 00:27:00,delivered,46.64,3.73,3.99,7.0,61.36
200336,26,15,2024-02-07 05:46:00,delivered,42.28,3.38,3.99,8.46,58.11
200337,18,13,2024-03-21 03:43:00,delivered,69.36,5.55,3.99,10.4,89.3
200338,69,38,2024-02-29 09:33:00,delivered,134.8,10.78,3.99,26.96,176.53
200339,59,74,2024-01-10 15:43:00,delivered,86.46,6.92,3.99,17.29,114.66
200340,43,28,2024-01-09 22:36:00,cancelled,79.5,6.36,0.0,0.0,85.86
200341,84,80,2024-05-18 04:51:00,cancelled,12.59,1.01,0.0,0.0,13.6
200342,52,75,2024-04-23 00:27:00,delivered,43.32,3.47,3.99,8.66,59.44
200343,53,39,2024-03-08 08:46:00,delivered,38.57,3.09,3.99,3.86,49.51
200344,2,94,2024-01-09 20:31:00,delivered,21.97,1.76,3.99,2.2,29.92
200345,38,61,2024-01-04 00:17:00,cancelled,6.54,0.52,0.0,0.0,7.06
200346,50,45,2024-01-09 13:40:00,delivered,21.11,1.69,3.99,4.22,31.01
200347,9,28,2024-02-19 03:39:00,delivered,53.0,4.24,3.99,7.95,69.18
200348,55,75,2024-04-09 00:53:00,delivered,33.45,2.68,3.99,3.35,43.47
200349,13,84,2024-01-12 08:40:00,delivered,46.49,3.72,3.99,6.97,61.17
200350,17,26,2024-05-12 22:40:00,delivered,56.99,4.56,3.99,5.7,71.24
200351,73,68,2024-02-24 04:17:00,cancelled,69.66,5.57,0.0,0.0,75.23
200352,10,72,2024-02-24 14:15:00,delivered,84.01,6.72,3.99,16.8,111.52
200353,43,85,2024-04-02 10:34:00,delivered,104.84,8.39,3.99,10.48,127.7
200354,82,7,2024-01-11 08:03:00,delivered,7.86,0.63,3.99,1.18,13.66
200355,38,72,2024-06-03 01:19:00,delivered,90.86,7.27,3.99,9.09,111.21
200356,7,6,2024-05-24 10:36:00,delivered,74.59,5.97,3.99,11.19,95.74
200357,20,58,2024-02-03 02:07:00,delivered,118.37,9.47,3.99,11.84,143.67
200358,90,39,2024-04-24 10:51:00,delivered,41.01,3.28,3.99,4.1,52.38
200359,8,84,2024-01-31 20:24:00,delivered,91.84,7.35,3.99,18.37,121.55
200360,17,78,2024-03-26 14:45:00,cancelled,71.64,5.73,0.0,0.0,77.37
200361,19,80,2024-05-25 19:50:00,delivered,90.9,7.27,3.99,18.18,120.34
200362,61,87,2024-03-12 22:00:00,cancelled,22.84,1.83,0.0,0.0,24.67
200363,23,8,2024-06-01 06:05:00,delivered,90.74,7.26,3.99,13.61,115.6
200364,10,62,2024-02-12 01:51:00,cancelled,34.86,2.79,0.0,0.0,37.65
200365,11,97,2024-06-13 01:18:00,delivered,26.75,2.14,3.99,5.35,38.23
200366,18,7,2024-01-24 13:44:00,delivered,10.54,0.84,3.99,1.05,16.42
200367,6,32,2024-06-20 13:33:00,delivered,18.83,1.51,3.99,1.88,26.21
200368,13,4,2024-03-06 18:08:00,delivered,30.25,2.42,3.99,6.05,42.71
200369,85,5,2024-05-21 13:11:00,delivered,38.63,3.09,3.99,7.73,53.44
200370,19,68,2024-02-06 15:48:00,delivered,69.66,5.57,3.99,13.93,93.15
200371,38,34,2024-02-20 18:05:00,cancelled,10.51,0.84,0.0,0.0,11.35
200372,71,90,2024-06-03 06:01:00,delivered,18.37,1.47,3.99,2.76,26.59
200373,57,29,2024-05-23 01:00:00,delivered,35.14,2.81,3.99,5.27,47.21
200374,6,94,2024-03-20 01:37:00,delivered,11.8,0.94,3.99,1.18,17.91
200375,61,64,2024-05-04 03:57:00,delivered,43.58,3.49,3.99,6.54,57.6
200376,9,10,2024-02-12 05:39:00,delivered,104.19,8.34,3.99,15.63,132.15
200377,74,14,2024-03-16 09:57:00,delivered,15.16,1.21,3.99,2.27,22.63
200378,90,97,2024-05-02 14:14:00,delivered,72.14,5.77,3.99,14.43,96.33
200379,59,46,2024-05-01 16:13:00,cancelled,108.05,8.64,0.0,0.0,116.69
200380,13,5,2024-03-29 13:37:00,delivered,11.01,0.88,3.99,2.2,18.08
200381,26,37,2024-05-23 15:50:00,delivered,43.32,3.47,3.99,4.33,55.11
200382,22,99,2024-03-19 12:42:00,cancelled,73.24,5.86,0.0,0.0,79.1
200383,98,75,2024-04-10 07:43:00,delivered,15.23,1.22,3.99,2.28,22.72
200384,65,34,2024-05-22 17:18:00,cancelled,37.35,2.99,0.0,0.0,40.34
200385,95,35,2024-02-22 02:05:00,cancelled,40.5,3.24,0.0,0.0,43.74
200386,83,17,2024-01-18 16:15:00,delivered,39.69,3.18,3.99,3.97,50.83
200387,9,82,2024-01-06 22:45:00,delivered,82.71,6.62,3.99,12.41,105.73
200388,86,81,2024-01-31 18:32:00,delivered,66.78,5.34,3.99,10.02,86.13
200389,91,12,2024-06-07 20:44:00,cancelled,30.45,2.44,0.0,0.0,32.89
200390,69,14,2024-03-12 06:37:00,delivered,33.9,2.71,3.99,5.08,45.68
200391,36,8,2024-06-22 09:13:00,delivered,82.89,6.63,3.99,8.29,101.8
200392,79,15,2024-01-07 19:29:00,delivered,42.28,3.38,3.99,8.46,58.11
200393,35,69,2024-02-21 07:11:00,delivered,31.25,2.5,3.99,4.69,42.43
200394,69,98,2024-05-07 14:42:00,delivered,102.75,8.22,3.99,10.28,125.24
200395,92,66,2024-04-06 11:54:00,cancelled,125.56,10.04,0.0,0.0,135.6
200396,59,69,2024-01-21 10:30:00,delivered,46.41,3.71,3.99,6.96,61.07
200397,1,88,2024-02-10 18:01:00,delivered,31.0,2.48,3.99,6.2,43.67
200398,5,55,2024-05-10 03:53:00,cancelled,53.9,4.31,0.0,0.0,58.21
200399,1,61,2024-03-08 11:19:00,cancelled,82.71,6.62,0.0,0.0,89.33
200400,5,19,2024-06-01 04:32:00,cancelled,8.12,0.65,0.0,0.0,8.77
200401,94,85,2024-05-02 07:50:00,delivered,47.56,3.8,3.99,9.51,64.86
200402,66,30,2024-05-01 18:36:00,delivered,38.01,3.04,3.99,7.6,52.64
200403,71,50,2024-06-04 16:15:00,delivered,8.66,0.69,3.99,0.87,14.21
200404,85,50,2024-04-05 00:26:00,delivered,91.83,7.35,3.99,18.37,121.54
200405,74,86,2024-02-03 15:46:00,delivered,69.68,5.57,3.99,13.94,93.18
200406,2,1,2024-06-15 13:01:00,delivered,14.75,1.18,3.99,2.95,22.87
200407,71,6,2024-03-11 06:14:00,delivered,68.1,5.45,3.99,6.81,84.35
200408,3,16,2024-02-03 14:44:00,cancelled,59.47,4.76,0.0,0.0,64.23
200409,13,3,2024-01-11 10:43:00,cancelled,28.75,2.3,0.0,0.0,31.05
200410,39,80,2024-03-30 01:08:00,delivered,64.65,5.17,3.99,9.7,83.51
200411,79,72,2024-05-03 16:21:00,cancelled,66.0,5.28,0.0,0.0,71.28
200412,47,37,2024-06-17 04:23:00,delivered,20.13,1.61,3.99,4.03,29.76
200413,70,24,2024-05-24 12:53:00,delivered,60.77,4.86,3.99,12.15,81.77
200414,51,71,2024-01-15 06:07:00,delivered,28.49,2.28,3.99,4.27,39.03
200415,12,61,2024-01-10 07:02:00,delivered,18.54,1.48,3.99,2.78,26.79
200416,19,22,2024-02-05 09:05:00,cancelled,28.89,2.31,0.0,0.0,31.2
200417,4,91,2024-06-02 18:02:00,cancelled,74.43,5.95,0.0,0.0,80.38
200418,35,18,2024-04-01 02:16:00,delivered,79.33,6.35,3.99,15.87,105.54
200419,88,2,2024-02-03 17:17:00,cancelled,61.0,4.88,0.0,0.0,65.88
200420,46,10,2024-06-19 02:44:00,delivered,65.04,5.2,3.99,9.76,83.99
200421,80,14,2024-05-31 07:10:00,cancelled,10.98,0.88,0.0,0.0,11.86
200422,10,23,2024-01-07 01:40:00,delivered,58.95,4.72,3.99,11.79,79.45
200423,53,78,2024-05-09 14:53:00,cancelled,23.88,1.91,0.0,0.0,25.79
200424,62,43,2024-01-31 05:12:00,cancelled,31.89,2.55,0.0,0.0,34.44
200425,89,93,2024-04-05 13:09:00,delivered,27.15,2.17,3.99,4.07,37.38
200426,31,92,2024-02-12 13:11:00,delivered,35.32,2.83,3.99,7.06,49.2
200427,50,84,2024-06-08 17:31:00,cancelled,51.83,4.15,0.0,0.0,55.98
200428,33,29,2024-03-30 09:46:00,delivered,68.06,5.44,3.99,13.61,91.1
200429,68,33,2024-06-19 15:34:00,delivered,70.03,5.6,3.99,14.01,93.63
200430,65,50,2024-06-10 19:13:00,delivered,30.61,2.45,3.99,3.06,40.11
200431,26,80,2024-01-26 04:59:00,delivered,71.48,5.72,3.99,10.72,91.91
200432,33,71,2024-02-23 10:52:00,delivered,71.7,5.74,3.99,14.34,95.77
200433,54,17,2024-04-28 18:20:00,cancelled,13.23,1.06,0.0,0.0,14.29
200434,97,90,2024-01-26 11:45:00,delivered,38.51,3.08,3.99,5.78,51.36
200435,69,89,2024-02-24 10:14:00,cancelled,19.51,1.56,0.0,0.0,21.07
200436,94,75,2024-02-24 22:51:00,delivered,101.42,8.11,3.99,20.28,133.8
200437,25,93,2024-03-26 12:05:00,cancelled,24.42,1.95,0.0,0.0,26.37
200438,46,27,2024-02-15 14:35:00,delivered,17.66,1.41,3.99,3.53,26.59
200439,100,6,2024-02-12 15:09:00,delivered,42.92,3.43,3.99,6.44,56.78
200440,4,11,2024-06-17 02:24:00,delivered,72.42,5.79,3.99,14.48,96.68
200441,91,40,2024-05-01 10:58:00,cancelled,68.49,5.48,0.0,0.0,73.97
200442,27,26,2024-02-06 18:43:00,cancelled,45.74,3.66,0.0,0.0,49.4
200443,32,14,2024-02-18 08:15:00,delivered,45.32,3.63,3.99,4.53,57.47
200444,5,33,2024-02-24 14:01:00,delivered,64.5,5.16,3.99,12.9,86.55
200445,92,91,2024-01-20 17:46:00,delivered,13.47,1.08,3.99,1.35,19.89
200446,86,93,2024-02-11 14:26:00,cancelled,12.21,0.98,0.0,0.0,13.19
200447,82,25,2024-04-19 00:07:00,delivered,130.85,10.47,3.99,13.09,158.4
200448,57,84,2024-06-01 10:33:00,cancelled,4.57,0.37,0.0,0.0,4.94
200449,79,51,2024-03-14 04:46:00,delivered,67.01,5.36,3.99,10.05,86.41
200450,69,50,2024-04-21 23:03:00,delivered,19.68,1.57,3.99,1.97,27.21
200451,93,79,2024-05-06 07:07:00,delivered,7.16,0.57,3.99,1.07,12.79
200452,23,96,2024-02-08 19:08:00,delivered,37.02,2.96,3.99,5.55,49.52
200453,59,62,2024-01-27 02:17:00,delivered,31.07,2.49,3.99,6.21,43.76
200454,53,50,2024-04-03 11:25:00,delivered,16.44,1.32,3.99,3.29,25.04
200455,61,98,2024-03-28 01:54:00,delivered,106.36,8.51,3.99,15.95,134.81
200456,24,42,2024-05-29 16:46:00,delivered,53.58,4.29,3.99,10.72,72.58
200457,99,41,2024-04-20 05:40:00,cancelled,48.34,3.87,0.0,0.0,52.21
200458,99,86,2024-05-06 15:31:00,delivered,97.54,7.8,3.99,19.51,128.84
200459,96,66,2024-01-28 08:23:00,delivered,104.09,8.33,3.99,20.82,137.23
200460,64,34,2024-03-26 00:33:00,cancelled,17.75,1.42,0.0,0.0,19.17
200461,8,43,2024-01-05 08:15:00,cancelled,8.75,0.7,0.0,0.0,9.45
200462,58,90,2024-05-13 07:40:00,delivered,45.61,3.65,3.99,9.12,62.37
200463,4,49,2024-02-22 11:17:00,delivered,61.86,4.95,3.99,12.37,83.17
200464,54,84,2024-04-30 18:24:00,cancelled,28.96,2.32,0.0,0.0,31.28
200465,41,80,2024-01-15 11:59:00,delivered,25.18,2.01,3.99,5.04,36.22
200466,57,89,2024-03-06 18:34:00,delivered,53.93,4.31,3.99,8.09,70.32
200467,86,76,2024-04-30 16:56:00,delivered,26.4,2.11,3.99,5.28,37.78
200468,88,23,2024-05-12 19:15:00,cancelled,30.48,2.44,0.0,0.0,32.92
200469,14,93,2024-02-24 15:05:00,delivered,19.65,1.57,3.99,3.93,29.14
200470,63,21,2024-05-07 05:09:00,delivered,105.24,8.42,3.99,21.05,138.7
200471,26,75,2024-01-26 01:56:00,cancelled,150.1,12.01,0.0,0.0,162.11
200472,53,2,2024-04-10 12:30:00,delivered,73.0,5.84,3.99,7.3,90.13
200473,100,27,2024-01-10 01:58:00,cancelled,55.81,4.46,0.0,0.0,60.27
200474,34,90,2024-03-27 10:29:00,delivered,38.51,3.08,3.99,3.85,49.43
200475,10,26,2024-06-23 06:09:00,delivered,54.48,4.36,3.99,8.17,71.0
200476,91,68,2024-01-13 03:12:00,cancelled,68.52,5.48,0.0,0.0,74.0
200477,33,32,2024-02-04 01:16:00,cancelled,38.36,3.07,0.0,0.0,41.43
200478,11,40,2024-03-14 09:51:00,cancelled,44.76,3.58,0.0,0.0,48.34
200479,46,19,2024-05-29 09:44:00,delivered,48.35,3.87,3.99,9.67,65.88
200480,30,64,2024-02-23 23:53:00,delivered,21.79,1.74,3.99,2.18,29.7
200481,5,16,2024-04-19 18:07:00,delivered,89.21,7.14,3.99,17.84,118.18
200482,80,92,2024-01-18 18:10:00,delivered,23.77,1.9,3.99,4.75,34.41
200483,44,68,2024-02-13 08:39:00,delivered,65.78,5.26,3.99,6.58,81.61
200484,27,45,2024-03-01 19:56:00,delivered,129.03,10.32,3.99,25.81,169.15
200485,54,99,2024-02-10 11:47:00,cancelled,27.23,2.18,0.0,0.0,29.41
200486,94,33,2024-01-13 14:13:00,delivered,30.51,2.44,3.99,6.1,43.04
200487,69,97,2024-02-29 12:51:00,delivered,65.29,5.22,3.99,9.79,84.29
200488,99,15,2024-06-21 14:20:00,cancelled,31.06,2.48,0.0,0.0,33.54
200489,99,81,2024-02-04 02:39:00,delivered,69.3,5.54,3.99,10.39,89.22
200490,95,3,2024-06-28 17:45:00,delivered,27.0,2.16,3.99,2.7,35.85
200491,44,84,2024-02-10 05:20:00,delivered,49.17,3.93,3.99,4.92,62.01
200492,32,68,2024-01-02 16:41:00,delivered,40.9,3.27,3.99,8.18,56.34
200493,72,65,2024-04-11 06:00:00,cancelled,90.8,7.26,0.0,0.0,98.06
200494,68,2,2024-02-28 17:54:00,delivered,51.5,4.12,3.99,7.72,67.33
200495,55,35,2024-01-13 23:30:00,delivered,118.63,9.49,3.99,11.86,143.97
200496,84,11,2024-03-08 03:13:00,delivered,13.26,1.06,3.99,1.33,19.64
200497,57,90,2024-04-24 13:52:00,delivered,40.09,3.21,3.99,4.01,51.3
200498,97,85,2024-05-20 07:38:00,delivered,83.71,6.7,3.99,8.37,102.77
200499,54,96,2024-06-15 02:50:00,cancelled,80.46,6.44,0.0,0.0,86.9
200500,51,40,2024-03-07 15:09:00,delivered,58.79,4.7,3.99,8.82,76.3
200501,16,52,2024-06-30 00:48:00,delivered,16.38,1.31,3.99,1.64,23.32
200502,12,67,2024-06-21 08:35:00,delivered,21.65,1.73,3.99,4.33,31.7
200503,95,43,2024-03-15 21:34:00,cancelled,29.49,2.36,0.0,0.0,31.85
200504,3,14,2024-01-06 19:24:00,cancelled,53.24,4.26,0.0,0.0,57.5
200505,56,43,2024-05-29 18:36:00,delivered,39.93,3.19,3.99,3.99,51.1
200506,21,94,2024-01-27 02:54:00,delivered,27.87,2.23,3.99,2.79,36.88
200507,9,76,2024-03-12 00:13:00,cancelled,7.22,0.58,0.0,0.0,7.8
200508,76,99,2024-05-22 15:00:00,cancelled,99.3,7.94,0.0,0.0,107.24
200509,13,55,2024-05-16 17:10:00,delivered,86.22,6.9,3.99,17.24,114.35
200510,64,81,2024-02-08 19:13:00,delivered,77.48,6.2,3.99,7.75,95.42
200511,11,88,2024-01-29 04:37:00,delivered,49.49,3.96,3.99,9.9,67.34
200512,52,3,2024-03-20 08:32:00,delivered,31.75,2.54,3.99,6.35,44.63
200513,26,19,2024-01-22 17:36:00,delivered,44.29,3.54,3.99,8.86,60.68
200514,53,54,2024-04-16 19:22:00,delivered,66.71,5.34,3.99,13.34,89.38
200515,78,20,2024-03-13 01:46:00,delivered,52.12,4.17,3.99,7.82,68.1
200516,54,55,2024-01-09 09:36:00,delivered,42.28,3.38,3.99,8.46,58.11
200517,23,24,2024-06-27 10:25:00,cancelled,143.06,11.44,0.0,0.0,154.5
200518,99,21,2024-02-09 10:59:00,delivered,87.57,7.01,3.99,17.51,116.08
200519,57,27,2024-04-28 09:47:00,delivered,61.22,4.9,3.99,9.18,79.29
200520,94,35,2024-04-27 18:51:00,delivered,56.3,4.5,3.99,5.63,70.42
200521,97,41,2024-05-26 15:20:00,delivered,67.3,5.38,3.99,10.09,86.76
200522,50,22,2024-03-06 02:48:00,delivered,85.26,6.82,3.99,17.05,113.12
200523,88,98,2024-02-12 04:12:00,delivered,102.75,8.22,3.99,20.55,135.51
200524,38,55,2024-06-05 12:13:00,delivered,40.36,3.23,3.99,4.04,51.62
200525,70,29,2024-04-18 17:21:00,cancelled,19.66,1.57,0.0,0.0,21.23
200526,90,96,2024-01-05 16:32:00,delivered,29.07,2.33,3.99,5.81,41.2
200527,82,60,2024-06-18 17:38:00,delivered,41.26,3.3,3.99,6.19,54.74
200528,59,30,2024-04-02 00:29:00,cancelled,68.54,5.48,0.0,0.0,74.02
200529,20,57,2024-04-16 13:37:00,delivered,39.54,3.16,3.99,3.95,50.64
200530,45,4,2024-01-12 03:18:00,delivered,22.75,1.82,3.99,4.55,33.11
200531,83,22,2024-05-09 21:35:00,cancelled,9.63,0.77,0.0,0.0,10.4
200532,58,43,2024-03-21 10:40:00,delivered,33.45,2.68,3.99,6.69,46.81
200533,79,66,2024-01-04 06:14:00,delivered,36.69,2.94,3.99,7.34,50.96
200534,34,57,2024-03-26 10:16:00,delivered,98.24,7.86,3.99,9.82,119.91
200535,43,27,2024-04-09 07:55:00,delivered,41.92,3.35,3.99,4.19,53.45
200536,43,28,2024-05-02 21:30:00,cancelled,26.5,2.12,0.0,0.0,28.62
200537,45,83,2024-01-27 18:18:00,delivered,51.96,4.16,3.99,10.39,70.5
200538,57,56,2024-03-10 05:04:00,cancelled,31.94,2.56,0.0,0.0,34.5
200539,20,52,2024-04-23 21:44:00,cancelled,59.65,4.77,0.0,0.0,64.42
200540,19,31,2024-04-04 06:26:00,delivered,40.8,3.26,3.99,6.12,54.17
200541,90,76,2024-05-20 21:44:00,delivered,8.85,0.71,3.99,0.89,14.44
200542,24,32,2024-04-03 03:31:00,delivered,64.1,5.13,3.99,9.61,82.83
200543,41,56,2024-01-21 04:08:00,delivered,85.04,6.8,3.99,8.5,104.33
200544,2,46,2024-02-18 22:19:00,delivered,116.3,9.3,3.99,17.45,147.04
200545,24,22,2024-03-24 16:21:00,delivered,58.49,4.68,3.99,11.7,78.86
200546,96,11,2024-06-12 19:42:00,delivered,19.98,1.6,3.99,2.0,27.57
200547,35,52,2024-06-28 03:16:00,delivered,16.38,1.31,3.99,2.46,24.14
200548,41,17,2024-06-03 13:55:00,delivered,24.36,1.95,3.99,3.65,33.95
200549,72,87,2024-05-23 13:06:00,delivered,39.57,3.17,3.99,5.94,52.67
200550,6,30,2024-04-03 03:14:00,delivered,91.59,7.33,3.99,13.74,116.65
200551,94,6,2024-01-15 17:15:00,delivered,17.71,1.42,3.99,3.54,26.66
200552,55,60,2024-05-08 11:25:00,delivered,14.64,1.17,3.99,2.93,22.73
200553,64,42,2024-06-02 22:48:00,delivered,102.53,8.2,3.99,20.51,135.23
200554,59,18,2024-02-14 17:51:00,cancelled,29.42,2.35,0.0,0.0,31.77
200555,27,76,2024-06-10 17:22:00,delivered,14.44,1.16,3.99,2.89,22.48
200556,43,49,2024-04-24 12:59:00,delivered,139.36,11.15,3.99,13.94,168.44
200557,33,33,2024-06-13 11:49:00,delivered,49.7,3.98,3.99,9.94,67.61
200558,94,58,2024-06-26 00:54:00,delivered,130.47,10.44,3.99,13.05,157.95
200559,68,6,2024-06-06 10:06:00,delivered,17.71,1.42,3.99,3.54,26.66
200560,8,40,2024-01-15 09:51:00,cancelled,30.14,2.41,0.0,0.0,32.55
200561,100,91,2024-04-29 14:25:00,delivered,59.28,4.74,3.99,5.93,73.94
200562,69,88,2024-05-30 22:09:00,delivered,8.97,0.72,3.99,0.9,14.58
200563,11,88,2024-01-23 19:16:00,delivered,51.6,4.13,3.99,10.32,70.04
200564,98,67,2024-02-14 13:05:00,cancelled,22.2,1.78,0.0,0.0,23.98
200565,5,97,2024-04-02 04:16:00,cancelled,8.7,0.7,0.0,0.0,9.4
200566,69,55,2024-04-12 11:30:00,delivered,72.68,5.81,3.99,7.27,89.75
200567,65,3,2024-06-20 15:27:00,delivered,3.0,0.24,3.99,0.6,7.83
200568,11,24,2024-04-30 06:39:00,delivered,142.7,11.42,3.99,28.54,186.65
200569,66,11,2024-01-02 10:15:00,delivered,37.98,3.04,3.99,3.8,48.81
200570,74,95,2024-03-08 01:54:00,delivered,85.92,6.87,3.99,17.18,113.96
200571,4,32,2024-04-29 08:39:00,cancelled,37.66,3.01,0.0,0.0,40.67
200572,98,70,2024-04-14 09:52:00,delivered,28.31,2.26,3.99,5.66,40.22
200573,81,64,2024-05-31 22:56:00,delivered,20.88,1.67,3.99,3.13,29.67
200574,65,14,2024-05-25 10:18:00,delivered,49.58,3.97,3.99,7.44,64.98
200575,27,35,2024-02-11 04:55:00,delivered,123.66,9.89,3.99,12.37,149.91
200576,91,2,2024-06-01 04:25:00,cancelled,36.0,2.88,0.0,0.0,38.88
200577,94,46,2024-02-25 10:33:00,delivered,54.0,4.32,3.99,5.4,67.71
200578,32,5,2024-01-25 07:45:00,delivered,63.93,5.11,3.99,12.79,85.82
200579,55,22,2024-04-10 07:09:00,delivered,14.58,1.17,3.99,2.92,22.66
200580,42,76,2024-03-09 08:01:00,delivered,21.66,1.73,3.99,3.25,30.63
200581,21,50,2024-03-19 07:53:00,cancelled,87.5,7.0,0.0,0.0,94.5
200582,79,36,2024-06-14 00:20:00,delivered,45.15,3.61,3.99,6.77,59.52
200583,69,13,2024-06-25 21:22:00,cancelled,68.27,5.46,0.0,0.0,73.73
200584,70,35,2024-02-27 12:41:00,delivered,117.05,9.36,3.99,23.41,153.81
200585,12,25,2024-02-09 17:55:00,delivered,112.38,8.99,3.99,11.24,136.6
200586,68,14,2024-01-17 11:19:00,delivered,45.48,3.64,3.99,9.1,62.21
200587,57,42,2024-06-20 12:07:00,delivered,34.22,2.74,3.99,6.84,47.79
200588,29,72,2024-06-26 01:51:00,delivered,72.89,5.83,3.99,14.58,97.29
200589,2,50,2024-01-14 04:50:00,delivered,32.88,2.63,3.99,3.29,42.79
200590,22,77,2024-05-16 13:00:00,cancelled,58.81,4.7,0.0,0.0,63.51
200591,22,59,2024-06-04 16:36:00,cancelled,12.46,1.0,0.0,0.0,13.46
200592,75,39,2024-04-02 10:07:00,cancelled,25.95,2.08,0.0,0.0,28.03
200593,100,31,2024-01-09 03:08:00,delivered,31.15,2.49,3.99,4.67,42.3
200594,25,4,2024-02-20 01:20:00,delivered,42.75,3.42,3.99,8.55,58.71
200595,46,66,2024-01-23 13:23:00,cancelled,36.69,2.94,0.0,0.0,39.63
200596,69,35,2024-06-18 06:32:00,delivered,84.16,6.73,3.99,12.62,107.5
200597,69,13,2024-03-02 03:47:00,cancelled,53.64,4.29,0.0,0.0,57.93
200598,2,63,2024-04-25 20:44:00,delivered,59.32,4.75,3.99,11.86,79.92
200599,46,45,2024-03-21 05:36:00,cancelled,93.11,7.45,0.0,0.0,100.56
200600,73,56,2024-05-15 01:17:00,delivered,53.4,4.27,3.99,10.68,72.34
200601,24,80,2024-03-18 09:36:00,delivered,76.18,6.09,3.99,15.24,101.5
200602,15,36,2024-03-29 08:37:00,delivered,21.95,1.76,3.99,2.19,29.89
200603,55,32,2024-04-08 06:40:00,delivered,95.35,7.63,3.99,9.54,116.51
200604,19,51,2024-04-29 15:12:00,cancelled,32.79,2.62,0.0,0.0,35.41
200605,18,4,2024-01-05 10:15:00,delivered,10.5,0.84,3.99,1.05,16.38
200606,11,97,2024-01-01 10:23:00,delivered,13.7,1.1,3.99,2.74,21.53
200607,72,78,2024-05-19 06:35:00,delivered,111.69,8.94,3.99,22.34,146.96
200608,78,11,2024-03-22 23:48:00,delivered,37.98,3.04,3.99,7.6,52.61
200609,86,3,2024-03-08 11:19:00,delivered,16.75,1.34,3.99,1.68,23.76
200610,56,47,2024-04-23 10:56:00,cancelled,18.62,1.49,0.0,0.0,20.11
200611,54,48,2024-05-08 14:04:00,delivered,71.11,5.69,3.99,7.11,87.9
200612,96,37,2024-06-22 17:55:00,cancelled,76.54,6.12,0.0,0.0,82.66
200613,83,10,2024-06-02 03:44:00,cancelled,26.1,2.09,0.0,0.0,28.19
200614,44,76,2024-02-03 22:56:00,cancelled,33.78,2.7,0.0,0.0,36.48
200615,23,78,2024-01-23 18:09:00,delivered,63.72,5.1,3.99,12.74,85.55
200616,61,67,2024-03-05 10:20:00,delivered,43.3,3.46,3.99,6.49,57.24
200617,85,84,2024-05-25 08:34:00,delivered,62.88,5.03,3.99,9.43,81.33
200618,42,51,2024-06-12 07:54:00,cancelled,9.72,0.78,0.0,0.0,10.5
200619,75,67,2024-01-05 20:01:00,delivered,65.2,5.22,3.99,9.78,84.19
200620,8,51,2024-01-02 18:31:00,delivered,51.33,4.11,3.99,7.7,67.13
200621,92,5,2024-06-10 04:04:00,delivered,43.07,3.45,3.99,8.61,59.12
200622,2,36,2024-03-30 05:36:00,delivered,29.34,2.35,3.99,5.87,41.55
200623,11,46,2024-06-12 02:27:00,delivered,112.75,9.02,3.99,11.28,137.04
200624,35,94,2024-04-15 08:39:00,cancelled,23.6,1.89,0.0,0.0,25.49
200625,81,59,2024-06-13 00:35:00,delivered,38.73,3.1,3.99,5.81,51.63
200626,65,87,2024-04-14 22:16:00,delivered,62.56,5.0,3.99,6.26,77.81
200627,15,31,2024-05-25 17:47:00,delivered,22.14,1.77,3.99,3.32,31.22
200628,71,27,2024-02-21 19:22:00,delivered,103.14,8.25,3.99,20.63,136.01
200629,25,33,2024-02-23 02:43:00,cancelled,83.56,6.68,0.0,0.0,90.24
200630,51,81,2024-04-19 12:10:00,delivered,103.77,8.3,3.99,20.75,136.81
200631,3,55,2024-05-11 01:54:00,delivered,133.22,10.66,3.99,19.98,167.85
200632,24,52,2024-05-12 12:10:00,delivered,47.28,3.78,3.99,9.46,64.51
200633,91,70,2024-06-22 18:42:00,delivered,14.31,1.14,3.99,1.43,20.87
200634,42,91,2024-02-12 02:33:00,delivered,66.36,5.31,3.99,9.95,85.61
200635,98,22,2024-01-24 16:19:00,delivered,9.63,0.77,3.99,0.96,15.35
200636,80,82,2024-02-27 10:34:00,cancelled,48.04,3.84,0.0,0.0,51.88
200637,56,91,2024-06-28 21:35:00,delivered,40.41,3.23,3.99,4.04,51.67
200638,84,99,2024-05-12 21:17:00,delivered,18.17,1.45,3.99,2.73,26.34
200639,73,12,2024-06-03 18:27:00,delivered,66.13,5.29,3.99,6.61,82.02
200640,62,79,2024-06-12 10:43:00,delivered,37.75,3.02,3.99,3.78,48.54
200641,90,97,2024-02-26 14:31:00,delivered,15.55,1.24,3.99,1.56,22.34
200642,67,33,2024-05-12 17:27:00,cancelled,37.21,2.98,0.0,0.0,40.19
200643,4,4,2024-04-19 01:42:00,delivered,31.5,2.52,3.99,6.3,44.31
200644,33,89,2024-01-12 04:44:00,cancelled,29.39,2.35,0.0,0.0,31.74
200645,12,90,2024-03-24 06:37:00,delivered,42.26,3.38,3.99,4.23,53.86
200646,68,76,2024-04-13 15:19:00,delivered,16.23,1.3,3.99,3.25,24.77
200647,72,68,2024-04-11 12:51:00,delivered,43.14,3.45,3.99,8.63,59.21
200648,88,6,2024-05-31 12:16:00,delivered,107.27,8.58,3.99,10.73,130.57
200649,48,6,2024-01-30 19:22:00,cancelled,69.5,5.56,0.0,0.0,75.06
200650,37,99,2024-03-07 07:37:00,cancelled,62.35,4.99,0.0,0.0,67.34
200651,87,67,2024-05-20 03:41:00,delivered,14.2,1.14,3.99,2.13,21.46
200652,8,40,2024-05-04 09:49:00,cancelled,41.78,3.34,0.0,0.0,45.12
200653,66,33,2024-04-18 09:34:00,delivered,55.23,4.42,3.99,8.28,71.92
200654,39,12,2024-01-10 07:19:00,cancelled,36.86,2.95,0.0,0.0,39.81
200655,40,56,2024-06-19 13:31:00,delivered,113.72,9.1,3.99,17.06,143.87
200656,10,48,2024-01-27 09:26:00,delivered,41.6,3.33,3.99,6.24,55.16
200657,63,55,2024-01-28 08:39:00,cancelled,126.58,10.13,0.0,0.0,136.71
200658,95,56,2024-05-30 14:30:00,cancelled,35.8,2.86,0.0,0.0,38.66
200659,95,71,2024-05-05 11:31:00,delivered,47.25,3.78,3.99,9.45,64.47
200660,94,93,2024-03-17 09:08:00,cancelled,30.87,2.47,0.0,0.0,33.34
200661,94,78,2024-03-18 06:42:00,delivered,11.88,0.95,3.99,1.78,18.6
200662,94,29,2024-04-05 10:55:00,cancelled,46.44,3.72,0.0,0.0,50.16
200663,4,39,2024-02-21 23:29:00,delivered,14.18,1.13,3.99,1.42,20.72
200664,1,32,2024-04-09 23:28:00,delivered,19.68,1.57,3.99,1.97,27.21
200665,9,22,2024-01-29 00:17:00,delivered,9.63,0.77,3.99,1.93,16.32
200666,56,94,2024-05-12 19:57:00,cancelled,41.3,3.3,0.0,0.0,44.6
200667,97,87,2024-03-15 23:01:00,cancelled,59.89,4.79,0.0,0.0,64.68
200668,41,15,2024-06-18 16:01:00,delivered,79.08,6.33,3.99,7.91,97.31
200669,70,56,2024-01-24 20:46:00,delivered,14.34,1.15,3.99,2.87,22.35
200670,45,67,2024-04-04 01:28:00,delivered,86.55,6.92,3.99,12.98,110.44
200671,82,2,2024-01-12 02:57:00,cancelled,67.5,5.4,0.0,0.0,72.9
200672,77,72,2024-05-26 04:12:00,delivered,33.12,2.65,3.99,3.31,43.07
200673,24,20,2024-03-17 12:42:00,cancelled,27.06,2.16,0.0,0.0,29.22
200674,70,39,2024-06-29 02:20:00,cancelled,29.92,2.39,0.0,0.0,32.31
200675,99,83,2024-05-17 20:55:00,delivered,39.03,3.12,3.99,7.81,53.95
200676,43,77,2024-01-03 16:53:00,delivered,64.47,5.16,3.99,6.45,80.07
200677,85,28,2024-01-15 06:44:00,delivered,25.71,2.06,3.99,5.14,36.9
200678,35,60,2024-05-25 13:40:00,delivered,32.28,2.58,3.99,4.84,43.69
200679,77,27,2024-06-29 05:31:00,delivered,38.85,3.11,3.99,5.83,51.78
200680,81,57,2024-05-28 13:20:00,delivered,57.8,4.62,3.99,11.56,77.97
200681,91,56,2024-02-19 18:48:00,delivered,88.9,7.11,3.99,13.34,113.34
200682,22,49,2024-06-25 05:42:00,delivered,98.12,7.85,3.99,9.81,119.77
200683,5,81,2024-01-03 05:50:00,delivered,38.74,3.1,3.99,7.75,53.58
200684,91,92,2024-04-14 18:44:00,delivered,35.32,2.83,3.99,3.53,45.67
200685,59,43,2024-06-17 12:06:00,delivered,42.2,3.38,3.99,8.44,58.01
200686,31,24,2024-06-20 16:30:00,cancelled,96.59,7.73,0.0,0.0,104.32
200687,31,53,2024-06-14 12:53:00,delivered,76.0,6.08,3.99,15.2,101.27
200688,96,33,2024-05-25 20:22:00,delivered,80.21,6.42,3.99,16.04,106.66
200689,88,20,2024-05-13 13:00:00,delivered,53.18,4.25,3.99,10.64,72.06
200690,23,80,2024-04-14 12:27:00,delivered,6.83,0.55,3.99,1.02,12.39
200691,35,68,2024-04-18 19:47:00,cancelled,55.28,4.42,0.0,0.0,59.7
200692,9,22,2024-04-05 03:17:00,delivered,75.72,6.06,3.99,15.14,100.91
200693,72,38,2024-05-01 21:34:00,delivered,112.89,9.03,3.99,22.58,148.49
200694,52,8,2024-03-01 07:02:00,delivered,50.63,4.05,3.99,7.59,66.26
200695,82,68,2024-05-31 16:45:00,delivered,34.48,2.76,3.99,3.45,44.68
200696,81,82,2024-06-19 08:56:00,delivered,105.24,8.42,3.99,10.52,128.17
200697,22,23,2024-02-24 12:27:00,delivered,57.52,4.6,3.99,8.63,74.74
200698,61,44,2024-05-07 17:39:00,delivered,6.45,0.52,3.99,1.29,12.25
200699,36,16,2024-04-19 11:14:00,cancelled,82.48,6.6,0.0,0.0,89.08
200700,48,59,2024-01-10 20:44:00,delivered,5.51,0.44,3.99,0.55,10.49
200701,24,84,2024-02-03 20:31:00,delivered,44.58,3.57,3.99,4.46,56.6
200702,20,13,2024-02-18 20:18:00,cancelled,35.76,2.86,0.0,0.0,38.62
200703,15,84,2024-06-18 10:28:00,delivered,42.67,3.41,3.99,8.53,58.6
200704,3,93,2024-05-04 14:16:00,delivered,24.42,1.95,3.99,4.88,35.24
200705,50,97,2024-04-20 00:04:00,delivered,57.01,4.56,3.99,11.4,76.96
200706,9,62,2024-02-12 07:17:00,delivered,8.68,0.69,3.99,1.3,14.66
200707,67,13,2024-01-17 16:51:00,delivered,41.0,3.28,3.99,8.2,56.47
200708,77,26,2024-03-20 01:48:00,cancelled,82.06,6.56,0.0,0.0,88.62
200709,68,97,2024-03-29 10:49:00,delivered,78.34,6.27,3.99,7.83,96.43
200710,41,67,2024-05-24 02:20:00,delivered,21.65,1.73,3.99,4.33,31.7
200711,41,77,2024-03-06 01:57:00,cancelled,94.59,7.57,0.0,0.0,102.16
200712,84,60,2024-04-28 18:12:00,delivered,58.9,4.71,3.99,5.89,73.49
200713,54,44,2024-05-25 15:03:00,delivered,59.61,4.77,3.99,11.92,80.29
200714,13,42,2024-02-15 08:04:00,cancelled,23.99,1.92,0.0,0.0,25.91
200715,68,87,2024-03-07 00:20:00,cancelled,19.4,1.55,0.0,0.0,20.95
200716,33,42,2024-05-23 13:41:00,delivered,58.08,4.65,3.99,11.62,78.34
200717,31,4,2024-02-18 16:43:00,delivered,63.75,5.1,3.99,9.56,82.4
200718,89,71,2024-05-22 05:25:00,cancelled,42.88,3.43,0.0,0.0,46.31
200719,85,73,2024-04-26 05:38:00,delivered,85.98,6.88,3.99,12.9,109.75
200720,63,76,2024-04-16 11:43:00,delivered,20.34,1.63,3.99,2.03,27.99
200721,41,45,2024-01-07 16:01:00,delivered,42.22,3.38,3.99,8.44,58.03
200722,71,73,2024-02-15 00:29:00,delivered,45.53,3.64,3.99,6.83,59.99
200723,3,36,2024-03-12 19:29:00,delivered,41.85,3.35,3.99,8.37,57.56
200724,72,55,2024-04-27 06:47:00,delivered,87.62,7.01,3.99,17.52,116.14
200725,75,54,2024-03-17 16:44:00,cancelled,88.73,7.1,0.0,0.0,95.83
200726,42,38,2024-03-09 02:15:00,delivered,27.38,2.19,3.99,4.11,37.67
200727,27,51,2024-06-14 01:02:00,delivered,48.39,3.87,3.99,7.26,63.51
200728,53,45,2024-06-13 02:33:00,delivered,99.09,7.93,3.99,9.91,120.92
200729,51,33,2024-04-21 23:40:00,delivered,3.35,0.27,3.99,0.67,8.28
200730,75,16,2024-06-05 06:19:00,delivered,53.52,4.28,3.99,10.7,72.49
200731,58,78,2024-04-29 21:15:00,cancelled,53.11,4.25,0.0,0.0,57.36
200732,14,31,2024-03-16 23:07:00,delivered,22.92,1.83,3.99,2.29,31.03
200733,18,90,2024-04-02 15:15:00,delivered,16.58,1.33,3.99,3.32,25.22
200734,3,97,2024-06-27 17:52:00,delivered,85.19,6.82,3.99,12.78,108.78
200735,54,68,2024-04-19 07:06:00,cancelled,44.98,3.6,0.0,0.0,48.58
200736,22,61,2024-06-07 06:29:00,delivered,9.81,0.78,3.99,1.96,16.54
200737,9,81,2024-04-13 15:26:00,delivered,116.22,9.3,3.99,11.62,141.13
200738,55,52,2024-06-12 23:00:00,delivered,47.28,3.78,3.99,9.46,64.51
200739,58,25,2024-06-16 07:56:00,delivered,94.21,7.54,3.99,14.13,119.87
200740,1,77,2024-03-20 11:50:00,delivered,15.06,1.2,3.99,3.01,23.26
200741,13,58,2024-05-08 01:50:00,delivered,121.26,9.7,3.99,18.19,153.14
200742,50,26,2024-03-20 22:52:00,delivered,97.71,7.82,3.99,14.66,124.18
200743,18,31,2024-04-22 21:07:00,cancelled,3.95,0.32,0.0,0.0,4.27
200744,7,47,2024-04-23 09:51:00,delivered,32.6,2.61,3.99,4.89,44.09
200745,86,63,2024-01-27 04:07:00,delivered,73.25,5.86,3.99,7.33,90.43
200746,40,47,2024-04-09 15:12:00,cancelled,18.62,1.49,0.0,0.0,20.11
200747,71,68,2024-02-11 02:58:00,delivered,30.6,2.45,3.99,3.06,40.1
200748,64,12,2024-02-26 03:32:00,delivered,53.71,4.3,3.99,10.74,72.74
200749,81,52,2024-06-27 12:16:00,delivered,6.91,0.55,3.99,0.69,12.14
200750,40,10,2024-05-02 08:23:00,delivered,16.18,1.29,3.99,3.24,24.7
200751,81,98,2024-05-08 18:40:00,cancelled,74.44,5.96,0.0,0.0,80.4
200752,14,17,2024-03-12 02:41:00,cancelled,77.79,6.22,0.0,0.0,84.01
200753,33,74,2024-05-26 12:42:00,delivered,64.26,5.14,3.99,6.43,79.82
200754,95,94,2024-05-12 00:37:00,delivered,21.97,1.76,3.99,2.2,29.92
200755,1,69,2024-02-24 22:43:00,cancelled,51.67,4.13,0.0,0.0,55.8
200756,9,66,2024-02-13 12:55:00,cancelled,59.2,4.74,0.0,0.0,63.94
200757,98,10,2024-02-01 13:11:00,delivered,24.27,1.94,3.99,4.85,35.05
200758,78,93,2024-02-26 07:30:00,delivered,37.75,3.02,3.99,3.78,48.54
200759,27,31,2024-01-04 06:03:00,delivered,52.65,4.21,3.99,10.53,71.38
200760,46,17,2024-03-15 13:11:00,delivered,88.01,7.04,3.99,17.6,116.64
200761,53,85,2024-06-30 02:41:00,delivered,99.27,7.94,3.99,14.89,126.09
200762,30,62,2024-03-25 09:40:00,delivered,54.46,4.36,3.99,5.45,68.26
200763,45,39,2024-02-24 03:07:00,delivered,27.27,2.18,3.99,4.09,37.53
200764,44,77,2024-04-11 03:34:00,cancelled,116.85,9.35,0.0,0.0,126.2
200765,95,62,2024-01-12 22:06:00,delivered,23.94,1.92,3.99,3.59,33.44
200766,12,30,2024-03-07 17:33:00,delivered,3.78,0.3,3.99,0.76,8.83
200767,69,87,2024-01-26 05:51:00,delivered,50.19,4.02,3.99,7.53,65.73
200768,45,10,2024-03-19 12:43:00,delivered,53.28,4.26,3.99,7.99,69.52
200769,85,31,2024-03-31 10:58:00,delivered,46.17,3.69,3.99,9.23,63.08
200770,37,46,2024-02-06 11:29:00,cancelled,82.65,6.61,0.0,0.0,89.26
200771,80,100,2024-06-06 13:13:00,cancelled,100.1,8.01,0.0,0.0,108.11
200772,14,31,2024-06-14 21:24:00,cancelled,33.21,2.66,0.0,0.0,35.87
200773,92,18,2024-01-18 23:51:00,delivered,107.37,8.59,3.99,16.11,136.06
200774,83,95,2024-06-24 06:55:00,delivered,41.49,3.32,3.99,8.3,57.1
200775,11,77,2024-06-19 10:42:00,delivered,15.06,1.2,3.99,1.51,21.76
200776,13,64,2024-02-26 09:44:00,cancelled,62.45,5.0,0.0,0.0,67.45
200777,19,76,2024-03-15 05:35:00,delivered,39.84,3.19,3.99,7.97,54.99
200778,3,21,2024-01-20 06:46:00,delivered,17.67,1.41,3.99,3.53,26.6
200779,59,63,2024-01-01 23:13:00,cancelled,84.54,6.76,0.0,0.0,91.3
200780,15,56,2024-01-18 23:05:00,delivered,85.04,6.8,3.99,17.01,112.84
200781,100,29,2024-02-28 15:33:00,delivered,39.32,3.15,3.99,5.9,52.36
200782,82,86,2024-06-21 09:51:00,delivered,41.94,3.36,3.99,6.29,55.58
200783,72,97,2024-03-02 03:52:00,delivered,57.01,4.56,3.99,5.7,71.26
200784,15,82,2024-06-13 05:06:00,delivered,143.15,11.45,3.99,14.32,172.91
200785,23,74,2024-05-02 21:55:00,cancelled,16.56,1.32,0.0,0.0,17.88
200786,61,83,2024-03-18 21:53:00,delivered,21.02,1.68,3.99,4.2,30.89
200787,1,89,2024-03-28 19:07:00,cancelled,92.95,7.44,0.0,0.0,100.39
200788,74,30,2024-03-10 08:05:00,delivered,11.34,0.91,3.99,2.27,18.51
200789,86,42,2024-05-27 20:32:00,delivered,53.58,4.29,3.99,8.04,69.9
200790,45,30,2024-06-25 16:57:00,delivered,30.98,2.48,3.99,4.65,42.1
200791,35,85,2024-01-25 10:14:00,delivered,47.83,3.83,3.99,4.78,60.43
200792,77,45,2024-05-30 11:09:00,delivered,62.85,5.03,3.99,12.57,84.44
200793,42,25,2024-06-22 04:50:00,delivered,56.52,4.52,3.99,11.3,76.33
200794,45,44,2024-01-06 02:07:00,cancelled,66.06,5.28,0.0,0.0,71.34
200795,70,83,2024-02-12 04:45:00,delivered,103.96,8.32,3.99,15.59,131.86
200796,82,73,2024-04-16 06:34:00,delivered,83.13,6.65,3.99,12.47,106.24
200797,94,21,2024-01-17 15:24:00,delivered,17.41,1.39,3.99,3.48,26.27
200798,58,67,2024-01-27 19:01:00,cancelled,79.4,6.35,0.0,0.0,85.75
200799,74,62,2024-02-18 15:07:00,delivered,26.73,2.14,3.99,4.01,36.87
200800,14,99,2024-05-24 12:19:00,delivered,35.73,2.86,3.99,5.36,47.94
200801,81,3,2024-02-27 15:59:00,cancelled,25.75,2.06,0.0,0.0,27.81
200802,52,4,2024-03-11 12:26:00,delivered,30.25,2.42,3.99,3.03,39.69
200803,79,13,2024-05-28 13:11:00,delivered,47.26,3.78,3.99,9.45,64.48
200804,13,30,2024-06-29 11:56:00,delivered,26.3,2.1,3.99,5.26,37.65
200805,96,91,2024-05-25 04:31:00,delivered,49.17,3.93,3.99,7.38,64.47
200806,59,95,2024-01-16 10:54:00,cancelled,35.33,2.83,0.0,0.0,38.16
200807,46,62,2024-01-12 16:22:00,delivered,15.26,1.22,3.99,1.53,22.0
200808,18,12,2024-05-10 15:13:00,cancelled,81.4,6.51,0.0,0.0,87.91
200809,48,42,2024-05-30 23:19:00,delivered,19.36,1.55,3.99,3.87,28.77
200810,28,9,2024-05-01 11:50:00,delivered,34.74,2.78,3.99,5.21,46.72
200811,59,62,2024-03-02 11:21:00,delivered,54.46,4.36,3.99,5.45,68.26
200812,4,53,2024-05-25 07:32:00,delivered,109.23,8.74,3.99,10.92,132.88
200813,79,80,2024-06-07 17:21:00,delivered,68.28,5.46,3.99,13.66,91.39
200814,35,63,2024-05-07 22:22:00,delivered,70.52,5.64,3.99,7.05,87.2
200815,60,78,2024-01-24 00:40:00,delivered,110.3,8.82,3.99,11.03,134.14
200816,10,88,2024-06-27 15:52:00,cancelled,31.0,2.48,0.0,0.0,33.48
200817,7,80,2024-03-22 12:21:00,delivered,88.77,7.1,3.99,17.75,117.61
200818,32,100,2024-05-05 03:24:00,cancelled,19.27,1.54,0.0,0.0,20.81
200819,35,96,2024-06-24 00:39:00,delivered,37.02,2.96,3.99,7.4,51.37
200820,35,62,2024-03-28 03:43:00,delivered,30.07,2.41,3.99,4.51,40.98
200821,60,62,2024-05-27 17:34:00,delivered,39.2,3.14,3.99,3.92,50.25
200822,53,54,2024-06-13 07:25:00,delivered,11.01,0.88,3.99,2.2,18.08
200823,16,60,2024-06-23 05:52:00,delivered,91.14,7.29,3.99,18.23,120.65
200824,97,57,2024-02-08 00:57:00,delivered,46.58,3.73,3.99,4.66,58.96
200825,5,16,2024-01-12 20:25:00,cancelled,49.82,3.99,0.0,0.0,53.81
200826,57,66,2024-01-28 18:59:00,cancelled,84.7,6.78,0.0,0.0,91.48
200827,32,72,2024-05-26 02:00:00,delivered,41.18,3.29,3.99,6.18,54.64
200828,81,10,2024-05-21 08:06:00,delivered,8.09,0.65,3.99,1.62,14.35
200829,71,94,2024-05-09 17:26:00,delivered,42.62,3.41,3.99,6.39,56.41
200830,77,74,2024-04-17 17:07:00,cancelled,123.78,9.9,0.0,0.0,133.68
200831,95,8,2024-03-09 18:03:00,delivered,37.65,3.01,3.99,5.65,50.3
200832,65,93,2024-03-23 17:42:00,delivered,53.68,4.29,3.99,5.37,67.33
200833,92,62,2024-06-08 10:45:00,delivered,52.91,4.23,3.99,5.29,66.42
200834,61,48,2024-05-01 06:25:00,delivered,18.96,1.52,3.99,1.9,26.37
200835,90,3,2024-02-19 01:02:00,cancelled,40.75,3.26,0.0,0.0,44.01
200836,31,56,2024-04-07 13:15:00,delivered,49.84,3.99,3.99,9.97,67.79
200837,40,25,2024-04-13 22:04:00,delivered,55.5,4.44,3.99,5.55,69.48
200838,55,53,2024-04-21 01:36:00,delivered,40.42,3.23,3.99,6.06,53.7
200839,54,15,2024-04-21 20:05:00,delivered,108.66,8.69,3.99,16.3,137.64
200840,30,23,2024-05-13 06:17:00,delivered,40.05,3.2,3.99,8.01,55.25
200841,56,49,2024-06-12 03:58:00,delivered,19.38,1.55,3.99,2.91,27.83
200842,50,9,2024-01-06 08:40:00,delivered,98.98,7.92,3.99,14.85,125.74
200843,2,65,2024-03-20 10:34:00,delivered,61.18,4.89,3.99,12.24,82.3
200844,58,58,2024-03-11 22:48:00,delivered,69.43,5.55,3.99,13.89,92.86
200845,60,50,2024-02-17 04:02:00,delivered,32.88,2.63,3.99,4.93,44.43
200846,51,52,2024-01-29 08:17:00,delivered,30.2,2.42,3.99,6.04,42.65
200847,43,23,2024-04-12 18:51:00,delivered,36.44,2.92,3.99,3.64,46.99
200848,54,54,2024-01-25 12:24:00,cancelled,89.79,7.18,0.0,0.0,96.97
200849,13,52,2024-05-25 04:30:00,delivered,54.19,4.34,3.99,8.13,70.65
200850,49,88,2024-04-16 23:12:00,delivered,18.05,1.44,3.99,3.61,27.09
200851,77,82,2024-03-14 00:45:00,delivered,38.58,3.09,3.99,3.86,49.52
200852,41,19,2024-06-23 13:49:00,delivered,47.88,3.83,3.99,4.79,60.49
200853,78,92,2024-04-30 18:20:00,delivered,74.18,5.93,3.99,14.84,98.94
200854,57,76,2024-03-29 06:39:00,delivered,18.02,1.44,3.99,2.7,26.15
200855,40,76,2024-05-12 01:20:00,delivered,29.51,2.36,3.99,2.95,38.81
200856,58,42,2024-02-01 19:17:00,delivered,109.41,8.75,3.99,16.41,138.56
200857,75,41,2024-01-31 20:27:00,delivered,35.92,2.87,3.99,7.18,49.96
200858,58,95,2024-03-21 19:07:00,cancelled,124.26,9.94,0.0,0.0,134.2
200859,61,100,2024-05-08 15:56:00,delivered,75.7,6.06,3.99,15.14,100.89
200860,58,43,2024-06-30 04:12:00,delivered,22.3,1.78,3.99,2.23,30.3
200861,40,9,2024-04-08 05:33:00,delivered,13.43,1.07,3.99,2.01,20.5
200862,38,9,2024-01-13 17:16:00,delivered,39.32,3.15,3.99,3.93,50.39
200863,55,72,2024-04-08 16:35:00,cancelled,45.45,3.64,0.0,0.0,49.09
200864,6,76,2024-06-12 22:48:00,cancelled,45.74,3.66,0.0,0.0,49.4
200865,54,87,2024-02-17 09:18:00,delivered,62.56,5.0,3.99,6.26,77.81
200866,71,17,2024-03-08 15:10:00,delivered,39.16,3.13,3.99,3.92,50.2
200867,65,9,2024-03-17 03:18:00,cancelled,40.29,3.22,0.0,0.0,43.51
200868,21,26,2024-02-01 07:41:00,cancelled,97.4,7.79,0.0,0.0,105.19
200869,5,80,2024-04-16 00:46:00,delivered,64.65,5.17,3.99,6.47,80.28
200870,71,93,2024-05-16 23:52:00,delivered,24.42,1.95,3.99,4.88,35.24
200871,95,69,2024-05-24 10:07:00,delivered,11.1,0.89,3.99,1.11,17.09
200872,66,39,2024-01-25 04:16:00,delivered,25.27,2.02,3.99,5.05,36.33
200873,72,61,2024-06-28 20:10:00,cancelled,30.11,2.41,0.0,0.0,32.52
200874,51,86,2024-06-25 01:06:00,delivered,97.73,7.82,3.99,14.66,124.2
200875,46,55,2024-03-24 19:51:00,delivered,92.86,7.43,3.99,18.57,122.85
200876,17,95,2024-05-09 07:49:00,cancelled,32.25,2.58,0.0,0.0,34.83
200877,86,92,2024-04-01 20:14:00,delivered,26.54,2.12,3.99,5.31,37.96
200878,46,6,2024-02-09 02:14:00,delivered,51.76,4.14,3.99,7.76,67.65
200879,32,94,2024-03-30 08:47:00,delivered,51.47,4.12,3.99,10.29,69.87
200880,97,67,2024-03-11 15:23:00,cancelled,79.4,6.35,0.0,0.0,85.75
200881,5,61,2024-03-30 00:48:00,delivered,9.27,0.74,3.99,0.93,14.93
200882,32,26,2024-01-31 01:20:00,delivered,41.34,3.31,3.99,6.2,54.84
200883,28,97,2024-05-04 16:24:00,cancelled,19.48,1.56,0.0,0.0,21.04
200884,63,75,2024-01-30 18:41:00,delivered,101.42,8.11,3.99,20.28,133.8
200885,79,83,2024-05-02 21:07:00,cancelled,43.95,3.52,0.0,0.0,47.47
200886,61,17,2024-05-29 10:11:00,delivered,16.24,1.3,3.99,2.44,23.97
200887,24,70,2024-04-22 15:45:00,cancelled,55.41,4.43,0.0,0.0,59.84
200888,95,47,2024-05-31 17:31:00,delivered,33.11,2.65,3.99,6.62,46.37
200889,95,17,2024-01-29 04:00:00,cancelled,8.12,0.65,0.0,0.0,8.77
200890,98,53,2024-01-01 20:24:00,delivered,75.6,6.05,3.99,11.34,96.98
200891,33,37,2024-02-26 12:29:00,cancelled,85.11,6.81,0.0,0.0,91.92
200892,15,72,2024-03-09 08:09:00,delivered,42.59,3.41,3.99,8.52,58.51
200893,12,89,2024-06-22 23:05:00,delivered,41.5,3.32,3.99,4.15,52.96
200894,34,86,2024-02-27 05:58:00,delivered,27.95,2.24,3.99,2.79,36.97
200895,99,28,2024-04-04 19:04:00,cancelled,61.57,4.93,0.0,0.0,66.5
200896,72,31,2024-04-28 20:45:00,delivered,11.85,0.95,3.99,2.37,19.16
200897,98,33,2024-01-31 16:31:00,delivered,61.02,4.88,3.99,9.15,79.04
200898,80,50,2024-04-26 06:09:00,delivered,65.55,5.24,3.99,9.83,84.61
200899,76,33,2024-02-23 05:31:00,delivered,30.38,2.43,3.99,3.04,39.84
200900,47,43,2024-01-01 10:48:00,delivered,35.97,2.88,3.99,5.4,48.24
200901,22,96,2024-04-07 22:05:00,delivered,46.11,3.69,3.99,4.61,58.4
200902,95,6,2024-01-10 02:11:00,delivered,53.16,4.25,3.99,5.32,66.72
200903,56,39,2024-03-05 22:54:00,delivered,16.18,1.29,3.99,1.62,23.08
200904,65,98,2024-03-14 14:07:00,delivered,42.86,3.43,3.99,6.43,56.71
200905,46,93,2024-06-06 20:20:00,cancelled,37.75,3.02,0.0,0.0,40.77
200906,93,59,2024-02-08 09:45:00,delivered,18.69,1.5,3.99,3.74,27.92
200907,98,74,2024-02-09 02:10:00,cancelled,75.82,6.07,0.0,0.0,81.89
200908,38,49,2024-04-11 08:19:00,cancelled,78.76,6.3,0.0,0.0,85.06
200909,3,28,2024-03-12 22:08:00,delivered,35.86,2.87,3.99,7.17,49.89
200910,69,75,2024-01-23 05:44:00,cancelled,100.35,8.03,0.0,0.0,108.38
200911,51,40,2024-01-11 17:53:00,delivered,9.7,0.78,3.99,1.94,16.41
200912,89,80,2024-01-19 13:34:00,cancelled,38.84,3.11,0.0,0.0,41.95
200913,5,7,2024-04-30 08:56:00,delivered,21.08,1.69,3.99,2.11,28.87
200914,90,52,2024-05-31 07:24:00,cancelled,30.55,2.44,0.0,0.0,32.99
200915,21,76,2024-01-06 09:58:00,cancelled,29.51,2.36,0.0,0.0,31.87
200916,36,25,2024-03-10 08:16:00,cancelled,75.38,6.03,0.0,0.0,81.41
200917,61,13,2024-01-08 04:21:00,delivered,3.13,0.25,3.99,0.31,7.68
200918,86,30,2024-06-01 07:05:00,cancelled,61.51,4.92,0.0,0.0,66.43
200919,21,89,2024-04-08 07:03:00,delivered,7.33,0.59,3.99,1.47,13.38
200920,94,98,2024-02-24 00:04:00,cancelled,90.57,7.25,0.0,0.0,97.82
200921,73,69,2024-06-19 17:46:00,delivered,22.2,1.78,3.99,2.22,30.19
200922,29,77,2024-02-12 20:44:00,cancelled,43.75,3.5,0.0,0.0,47.25
200923,11,95,2024-05-28 01:34:00,delivered,33.68,2.69,3.99,3.37,43.73
200924,49,33,2024-03-04 16:15:00,delivered,6.7,0.54,3.99,0.67,11.9
200925,15,62,2024-05-05 02:40:00,delivered,7.13,0.57,3.99,0.71,12.4
200926,71,60,2024-04-04 21:55:00,delivered,50.24,4.02,3.99,5.02,63.27
200927,26,74,2024-03-10 17:05:00,delivered,47.7,3.82,3.99,4.77,60.28
200928,97,13,2024-01-13 00:19:00,delivered,5.24,0.42,3.99,0.52,10.17
200929,81,18,2024-06-24 14:06:00,delivered,94.17,7.53,3.99,14.13,119.82
200930,81,4,2024-04-07 20:47:00,delivered,35.25,2.82,3.99,3.53,45.59
200931,18,42,2024-03-25 22:03:00,delivered,27.34,2.19,3.99,2.73,36.25
200932,17,36,2024-05-02 11:31:00,delivered,6.37,0.51,3.99,1.27,12.14
200933,66,57,2024-01-21 02:01:00,delivered,87.02,6.96,3.99,17.4,115.37
200934,8,71,2024-01-11 10:09:00,delivered,44.57,3.57,3.99,8.91,61.04
200935,84,90,2024-05-09 16:35:00,delivered,56.67,4.53,3.99,11.33,76.52
200936,41,10,2024-04-28 21:00:00,delivered,22.97,1.84,3.99,2.3,31.1
200937,75,90,2024-05-22 19:17:00,delivered,27.64,2.21,3.99,2.76,36.6
200938,61,64,2024-05-31 21:37:00,delivered,77.83,6.23,3.99,11.67,99.72
200939,52,19,2024-06-09 17:34:00,delivered,12.37,0.99,3.99,1.86,19.21
200940,53,23,2024-02-15 09:07:00,delivered,7.22,0.58,3.99,0.72,12.51
200941,35,98,2024-02-05 02:51:00,delivered,46.47,3.72,3.99,4.65,58.83
200942,60,52,2024-06-02 14:56:00,delivered,65.46,5.24,3.99,6.55,81.24
200943,13,81,2024-05-02 23:09:00,delivered,55.46,4.44,3.99,11.09,74.98
200944,66,100,2024-03-08 11:45:00,delivered,23.94,1.92,3.99,4.79,34.64
200945,91,90,2024-03-29 22:18:00,delivered,29.22,2.34,3.99,2.92,38.47
200946,67,64,2024-01-02 08:33:00,cancelled,20.33,1.63,0.0,0.0,21.96
200947,53,41,2024-05-24 10:52:00,delivered,66.13,5.29,3.99,13.23,88.64
200948,90,82,2024-05-03 05:15:00,cancelled,85.95,6.88,0.0,0.0,92.83
200949,9,68,2024-06-25 04:40:00,delivered,34.48,2.76,3.99,5.17,46.4
200950,19,36,2024-05-04 12:25:00,delivered,22.29,1.78,3.99,3.34,31.4
200951,72,27,2024-03-16 14:02:00,cancelled,74.17,5.93,0.0,0.0,80.1
200952,92,72,2024-04-18 12:52:00,delivered,16.56,1.32,3.99,1.66,23.53
200953,98,13,2024-05-11 21:36:00,delivered,52.5,4.2,3.99,5.25,65.94
200954,37,18,2024-04-20 02:19:00,delivered,21.54,1.72,3.99,2.15,29.4
200955,47,87,2024-06-23 17:48:00,delivered,59.89,4.79,3.99,5.99,74.66
200956,76,74,2024-04-13 05:19:00,cancelled,5.52,0.44,0.0,0.0,5.96
200957,57,39,2024-04-01 01:07:00,delivered,33.48,2.68,3.99,5.02,45.17
200958,37,99,2024-05-14 22:00:00,delivered,71.46,5.72,3.99,14.29,95.46
200959,27,17,2024-01-06 14:44:00,delivered,26.46,2.12,3.99,5.29,37.86
200960,32,16,2024-02-27 20:08:00,delivered,83.26,6.66,3.99,12.49,106.4
200961,50,29,2024-03-08 21:07:00,cancelled,6.63,0.53,0.0,0.0,7.16
200962,36,22,2024-04-06 15:21:00,cancelled,55.84,4.47,0.0,0.0,60.31
200963,31,15,2024-01-07 13:46:00,delivered,74.82,5.99,3.99,11.22,96.02
200964,69,46,2024-04-12 23:33:00,cancelled,131.95,10.56,0.0,0.0,142.51
200965,30,49,2024-04-07 01:48:00,delivered,69.06,5.52,3.99,10.36,88.93
200966,42,67,2024-02-02 01:56:00,cancelled,29.0,2.32,0.0,0.0,31.32
200967,69,74,2024-04-10 10:19:00,delivered,31.8,2.54,3.99,3.18,41.51
200968,58,35,2024-05-05 07:30:00,delivered,12.64,1.01,3.99,2.53,20.17
200969,24,83,2024-04-21 18:03:00,delivered,68.06,5.44,3.99,6.81,84.3
200970,49,37,2024-04-23 00:12:00,cancelled,7.04,0.56,0.0,0.0,7.6
200971,40,15,2024-06-21 14:12:00,delivered,100.22,8.02,3.99,20.04,132.27
200972,58,26,2024-03-01 14:28:00,cancelled,95.2,7.62,0.0,0.0,102.82
200973,19,51,2024-05-14 20:02:00,delivered,55.78,4.46,3.99,5.58,69.81
200974,7,15,2024-05-22 20:43:00,delivered,52.33,4.19,3.99,7.85,68.36
200975,50,17,2024-02-14 11:47:00,delivered,16.24,1.3,3.99,2.44,23.97
200976,24,98,2024-04-02 02:25:00,delivered,120.91,9.67,3.99,12.09,146.66
200977,25,57,2024-02-13 16:18:00,delivered,40.44,3.24,3.99,6.07,53.74
200978,100,75,2024-01-30 16:51:00,cancelled,43.32,3.47,0.0,0.0,46.79
200979,73,57,2024-05-02 20:06:00,delivered,40.44,3.24,3.99,8.09,55.76
200980,95,65,2024-03-05 19:13:00,delivered,55.26,4.42,3.99,11.05,74.72
200981,37,74,2024-04-10 10:17:00,delivered,32.72,2.62,3.99,3.27,42.6
200982,93,78,2024-02-06 11:29:00,delivered,90.38,7.23,3.99,13.56,115.16
200983,25,41,2024-04-08 07:23:00,cancelled,24.67,1.97,0.0,0.0,26.64
200984,51,64,2024-02-29 16:12:00,delivered,34.25,2.74,3.99,5.14,46.12
200985,14,80,2024-01-03 14:09:00,cancelled,60.39,4.83,0.0,0.0,65.22
200986,77,80,2024-01-29 01:37:00,delivered,12.59,1.01,3.99,2.52,20.11
200987,51,67,2024-06-25 08:14:00,delivered,65.5,5.24,3.99,6.55,81.28
200988,58,1,2024-01-25 13:58:00,cancelled,31.0,2.48,0.0,0.0,33.48
200989,62,67,2024-03-01 05:05:00,cancelled,14.8,1.18,0.0,0.0,15.98
200990,72,87,2024-05-21 07:25:00,delivered,43.16,3.45,3.99,4.32,54.92
200991,42,51,2024-05-24 12:55:00,delivered,12.25,0.98,3.99,1.84,19.06
200992,37,84,2024-06-20 03:05:00,delivered,45.35,3.63,3.99,4.54,57.51
200993,4,76,2024-01-09 10:08:00,delivered,2.95,0.24,3.99,0.44,7.62
200994,53,85,2024-01-25 13:55:00,delivered,42.26,3.38,3.99,8.45,58.08
200995,24,66,2024-01-05 09:52:00,delivered,111.25,8.9,3.99,16.69,140.83
200996,1,55,2024-06-02 11:27:00,delivered,101.16,8.09,3.99,15.17,128.41
200997,91,7,2024-06-28 10:13:00,delivered,10.54,0.84,3.99,1.58,16.95
200998,95,10,2024-02-15 12:25:00,cancelled,9.92,0.79,0.0,0.0,10.71
200999,84,68,2024-03-22 16:45:00,cancelled,55.48,4.44,0.0,0.0,59.92
201000,19,18,2024-04-17 20:58:00,cancelled,65.67,5.25,0.0,0.0,70.92
201001,35,4,2024-04-13 06:49:00,cancelled,47.5,3.8,0.0,0.0,51.3
201002,79,15,2024-04-07 09:09:00,delivered,74.82,5.99,3.99,14.96,99.76
201003,12,69,2024-05-12 05:12:00,delivered,10.52,0.84,3.99,1.58,16.93
201004,76,97,2024-05-13 05:01:00,delivered,13.05,1.04,3.99,1.96,20.04
201005,89,24,2024-05-25 08:06:00,delivered,143.06,11.44,3.99,21.46,179.95
201006,54,16,2024-05-17 13:03:00,cancelled,31.2,2.5,0.0,0.0,33.7
201007,27,89,2024-03-16 08:13:00,delivered,68.41,5.47,3.99,10.26,88.13
201008,91,97,2024-02-06 14:49:00,delivered,58.44,4.68,3.99,5.84,72.95
201009,13,70,2024-01-19 12:29:00,delivered,43.64,3.49,3.99,6.55,57.67
201010,79,91,2024-03-15 03:49:00,cancelled,43.77,3.5,0.0,0.0,47.27
201011,31,96,2024-01-25 18:48:00,delivered,86.74,6.94,3.99,8.67,106.34
201012,44,52,2024-03-05 16:47:00,delivered,73.82,5.91,3.99,14.76,98.48
201013,67,3,2024-03-26 04:23:00,delivered,9.0,0.72,3.99,0.9,14.61
201014,85,40,2024-02-09 00:03:00,cancelled,36.41,2.91,0.0,0.0,39.32
201015,29,47,2024-03-14 21:33:00,delivered,54.46,4.36,3.99,8.17,70.98
201016,73,85,2024-06-04 01:52:00,delivered,20.86,1.67,3.99,3.13,29.65
201017,21,17,2024-03-20 11:43:00,delivered,47.28,3.78,3.99,7.09,62.14
201018,20,71,2024-02-14 16:13:00,delivered,37.52,3.0,3.99,5.63,50.14
201019,92,25,2024-04-02 12:13:00,cancelled,37.36,2.99,0.0,0.0,40.35
201020,50,79,2024-01-06 21:36:00,delivered,26.2,2.1,3.99,3.93,36.22
201021,84,59,2024-02-02 04:42:00,cancelled,17.97,1.44,0.0,0.0,19.41
201022,52,41,2024-06-04 00:23:00,delivered,49.17,3.93,3.99,7.38,64.47
201023,63,41,2024-04-20 12:35:00,delivered,30.21,2.42,3.99,3.02,39.64
201024,95,59,2024-06-22 02:02:00,cancelled,5.51,0.44,0.0,0.0,5.95
201025,87,53,2024-02-05 10:44:00,delivered,7.19,0.58,3.99,1.08,12.84
201026,54,24,2024-04-04 20:05:00,delivered,21.16,1.69,3.99,3.17,30.01
201027,98,10,2024-02-12 21:29:00,cancelled,44.65,3.57,0.0,0.0,48.22
201028,37,90,2024-05-06 11:38:00,delivered,34.55,2.76,3.99,3.46,44.76
201029,21,16,2024-04-15 05:08:00,delivered,46.8,3.74,3.99,4.68,59.21
201030,52,86,2024-04-20 22:10:00,delivered,27.86,2.23,3.99,4.18,38.26
201031,83,13,2024-01-05 09:14:00,delivered,53.64,4.29,3.99,5.36,67.28
201032,59,57,2024-03-15 01:06:00,delivered,36.52,2.92,3.99,5.48,48.91
201033,53,85,2024-02-12 01:07:00,delivered,114.29,9.14,3.99,11.43,138.85
201034,91,96,2024-06-27 16:23:00,delivered,30.74,2.46,3.99,4.61,41.8
201035,61,54,2024-01-10 01:34:00,delivered,82.37,6.59,3.99,16.47,109.42
201036,11,98,2024-03-06 11:20:00,delivered,106.36,8.51,3.99,21.27,140.13
201037,9,62,2024-05-16 07:02:00,delivered,45.78,3.66,3.99,9.16,62.59
201038,36,49,2024-03-28 02:16:00,cancelled,61.86,4.95,0.0,0.0,66.81
201039,10,43,2024-05-12 02:17:00,delivered,26.38,2.11,3.99,3.96,36.44
201040,58,48,2024-01-14 04:59:00,delivered,33.74,2.7,3.99,3.37,43.8
201041,72,16,2024-05-17 13:37:00,delivered,109.29,8.74,3.99,10.93,132.95
201042,72,17,2024-05-17 21:15:00,delivered,65.09,5.21,3.99,6.51,80.8
201043,87,62,2024-01-27 19:28:00,delivered,22.39,1.79,3.99,3.36,31.53
201044,84,21,2024-05-18 22:28:00,cancelled,69.9,5.59,0.0,0.0,75.49
201045,42,13,2024-03-02 11:30:00,delivered,18.85,1.51,3.99,2.83,27.18
201046,82,73,2024-04-11 19:40:00,delivered,71.34,5.71,3.99,14.27,95.31
201047,37,83,2024-06-21 08:54:00,delivered,47.0,3.76,3.99,7.05,61.8
201048,15,2,2024-03-21 21:00:00,delivered,33.0,2.64,3.99,4.95,44.58
201049,58,8,2024-06-15 00:59:00,cancelled,21.95,1.76,0.0,0.0,23.71
201050,7,86,2024-02-29 21:00:00,delivered,41.93,3.35,3.99,4.19,53.46
201051,89,8,2024-04-25 18:31:00,cancelled,41.66,3.33,0.0,0.0,44.99
201052,4,48,2024-02-11 01:32:00,delivered,67.18,5.37,3.99,10.08,86.62
201053,83,67,2024-03-31 14:39:00,delivered,36.4,2.91,3.99,5.46,48.76
201054,49,53,2024-06-10 02:50:00,delivered,56.55,4.52,3.99,8.48,73.54
201055,16,62,2024-03-26 15:21:00,delivered,15.26,1.22,3.99,2.29,22.76
201056,58,41,2024-04-17 11:01:00,cancelled,41.12,3.29,0.0,0.0,44.41
201057,44,73,2024-02-24 22:53:00,delivered,119.72,9.58,3.99,17.96,151.25
201058,50,81,2024-03-16 05:01:00,delivered,99.86,7.99,3.99,9.99,121.83
201059,5,29,2024-05-01 21:26:00,cancelled,48.4,3.87,0.0,0.0,52.27
201060,2,63,2024-06-02 16:26:00,delivered,65.15,5.21,3.99,9.77,84.12
201061,98,54,2024-05-27 22:24:00,cancelled,11.54,0.92,0.0,0.0,12.46
201062,32,35,2024-02-06 17:59:00,cancelled,43.66,3.49,0.0,0.0,47.15
201063,57,63,2024-01-16 09:56:00,delivered,17.12,1.37,3.99,1.71,24.19
201064,54,95,2024-06-18 19:22:00,delivered,50.52,4.04,3.99,7.58,66.13
201065,15,31,2024-05-11 03:01:00,delivered,22.14,1.77,3.99,3.32,31.22
201066,30,29,2024-05-03 23:50:00,delivered,85.99,6.88,3.99,17.2,114.06
201067,75,17,2024-02-25 04:19:00,delivered,8.12,0.65,3.99,0.81,13.57
201068,58,31,2024-06-14 05:59:00,delivered,27.2,2.18,3.99,5.44,38.81
201069,84,94,2024-02-16 01:41:00,delivered,14.44,1.16,3.99,2.89,22.48
201070,31,74,2024-03-03 02:42:00,cancelled,16.56,1.32,0.0,0.0,17.88
201071,12,31,2024-03-26 15:22:00,delivered,72.26,5.78,3.99,14.45,96.48
201072,97,17,2024-03-15 09:03:00,delivered,101.24,8.1,3.99,20.25,133.58
201073,44,16,2024-02-22 22:06:00,delivered,49.82,3.99,3.99,7.47,65.27
201074,71,66,2024-04-04 11:33:00,delivered,83.66,6.69,3.99,8.37,102.71
201075,31,79,2024-01-24 18:27:00,delivered,48.08,3.85,3.99,7.21,63.13
201076,50,36,2024-04-03 05:05:00,delivered,35.14,2.81,3.99,3.51,45.45
201077,54,72,2024-01-03 07:21:00,delivered,53.71,4.3,3.99,5.37,67.37
201078,67,33,2024-04-23 23:54:00,delivered,37.21,2.98,3.99,5.58,49.76
201079,51,47,2024-04-03 23:46:00,delivered,20.05,1.6,3.99,2.01,27.65
201080,66,19,2024-05-04 05:55:00,cancelled,28.8,2.3,0.0,0.0,31.1
201081,56,46,2024-02-26 20:44:00,delivered,112.75,9.02,3.99,16.91,142.67
201082,98,8,2024-01-15 07:23:00,cancelled,48.39,3.87,0.0,0.0,52.26
201083,13,72,2024-04-10 10:23:00,delivered,10.88,0.87,3.99,1.09,16.83
201084,82,78,2024-01-10 00:29:00,cancelled,50.54,4.04,0.0,0.0,54.58
201085,73,17,2024-03-03 16:52:00,delivered,70.2,5.62,3.99,7.02,86.83
201086,4,72,2024-02-08 03:53:00,delivered,90.86,7.27,3.99,18.17,120.29
201087,43,71,2024-05-05 18:47:00,cancelled,10.39,0.83,0.0,0.0,11.22
201088,80,98,2024-05-31 12:17:00,cancelled,89.33,7.15,0.0,0.0,96.48
201089,20,23,2024-01-06 15:19:00,delivered,10.08,0.81,3.99,1.51,16.39
201090,53,92,2024-01-20 22:19:00,delivered,32.65,2.61,3.99,3.27,42.52
201091,54,59,2024-01-29 17:33:00,delivered,43.59,3.49,3.99,6.54,57.61
201092,39,40,2024-04-09 20:42:00,delivered,46.11,3.69,3.99,4.61,58.4
201093,85,84,2024-06-25 10:42:00,cancelled,76.22,6.1,0.0,0.0,82.32
201094,69,56,2024-02-01 20:30:00,cancelled,53.7,4.3,0.0,0.0,58.0
201095,64,73,2024-01-05 06:10:00,cancelled,50.61,4.05,0.0,0.0,54.66
201096,44,19,2024-05-09 15:51:00,delivered,24.08,1.93,3.99,4.82,34.82
201097,81,91,2024-05-27 00:05:00,delivered,129.0,10.32,3.99,25.8,169.11
201098,47,100,2024-03-03 13:34:00,delivered,31.24,2.5,3.99,4.69,42.42
201099,99,78,2024-06-15 11:22:00,delivered,25.27,2.02,3.99,2.53,33.81
201100,22,28,2024-04-16 22:27:00,delivered,31.51,2.52,3.99,4.73,42.75
201101,31,75,2024-02-15 11:47:00,delivered,69.89,5.59,3.99,13.98,93.45
201102,65,79,2024-06-12 09:20:00,cancelled,85.02,6.8,0.0,0.0,91.82
201103,22,90,2024-01-30 15:56:00,delivered,43.84,3.51,3.99,8.77,60.11
201104,1,88,2024-03-23 07:38:00,delivered,85.15,6.81,3.99,8.52,104.47
201105,94,30,2024-01-16 23:02:00,delivered,34.76,2.78,3.99,6.95,48.48
201106,7,78,2024-02-09 03:07:00,delivered,11.88,0.95,3.99,1.78,18.6
201107,62,47,2024-05-14 12:06:00,delivered,13.06,1.04,3.99,2.61,20.7
201108,72,28,2024-04-21 15:06:00,delivered,53.79,4.3,3.99,10.76,72.84
201109,11,27,2024-05-28 01:48:00,delivered,16.72,1.34,3.99,2.51,24.56
201110,77,79,2024-04-07 11:38:00,delivered,60.37,4.83,3.99,9.06,78.25
201111,54,19,2024-06-14 09:21:00,delivered,40.51,3.24,3.99,4.05,51.79
201112,84,80,2024-04-18 18:08:00,cancelled,68.28,5.46,0.0,0.0,73.74
201113,1,93,2024-05-07 01:08:00,delivered,28.7,2.3,3.99,5.74,40.73
201114,86,54,2024-02-15 02:23:00,delivered,48.28,3.86,3.99,4.83,60.96
201115,43,48,2024-01-21 02:00:00,cancelled,69.57,5.57,0.0,0.0,75.14
201116,51,16,2024-05-31 12:25:00,delivered,34.22,2.74,3.99,6.84,47.79
201117,87,13,2024-06-29 05:00:00,delivered,24.14,1.93,3.99,3.62,33.68
201118,26,38,2024-01-25 01:46:00,delivered,58.95,4.72,3.99,8.84,76.5
201119,38,51,2024-06-21 06:55:00,delivered,17.11,1.37,3.99,1.71,24.18
201120,30,36,2024-02-24 20:16:00,delivered,6.14,0.49,3.99,0.61,11.23
201121,49,56,2024-05-20 18:17:00,cancelled,67.14,5.37,0.0,0.0,72.51
201122,10,92,2024-03-26 20:07:00,delivered,8.88,0.71,3.99,1.33,14.91
201123,5,8,2024-05-16 22:20:00,delivered,84.01,6.72,3.99,12.6,107.32
201124,76,28,2024-01-16 06:21:00,delivered,35.86,2.87,3.99,3.59,46.31
201125,50,27,2024-02-15 14:08:00,delivered,52.98,4.24,3.99,10.6,71.81
201126,84,37,2024-02-21 18:48:00,cancelled,41.79,3.34,0.0,0.0,45.13
201127,22,67,2024-06-15 21:13:00,delivered,72.0,5.76,3.99,14.4,96.15
201128,38,13,2024-05-04 13:41:00,cancelled,28.36,2.27,0.0,0.0,30.63
201129,34,93,2024-04-11 17:33:00,delivered,49.96,4.0,3.99,7.49,65.44
201130,13,66,2024-03-08 02:14:00,cancelled,24.46,1.96,0.0,0.0,26.42
201131,5,78,2024-03-07 10:40:00,delivered,83.85,6.71,3.99,12.58,107.13
201132,11,98,2024-03-20 13:35:00,delivered,56.62,4.53,3.99,5.66,70.8
201133,17,45,2024-01-09 22:40:00,delivered,44.91,3.59,3.99,6.74,59.23
201134,53,92,2024-05-09 20:01:00,delivered,8.88,0.71,3.99,1.33,14.91
201135,89,22,2024-03-04 05:51:00,delivered,19.26,1.54,3.99,1.93,26.72
201136,62,73,2024-05-04 13:19:00,cancelled,37.6,3.01,0.0,0.0,40.61
201137,51,64,2024-03-09 14:41:00,delivered,21.79,1.74,3.99,3.27,30.79
201138,90,2,2024-05-15 22:49:00,cancelled,28.0,2.24,0.0,0.0,30.24
201139,83,3,2024-05-13 19:06:00,delivered,18.0,1.44,3.99,2.7,26.13
201140,63,8,2024-04-15 22:46:00,delivered,9.4,0.75,3.99,1.88,16.02
201141,16,70,2024-04-22 08:17:00,cancelled,21.0,1.68,0.0,0.0,22.68
201142,58,66,2024-06-10 14:02:00,delivered,20.43,1.63,3.99,3.06,29.11
201143,13,42,2024-01-07 16:37:00,delivered,13.76,1.1,3.99,1.38,20.23
201144,100,35,2024-01-16 05:08:00,delivered,53.14,4.25,3.99,7.97,69.35
201145,53,58,2024-03-01 20:29:00,delivered,21.31,1.7,3.99,4.26,31.26
201146,50,26,2024-01-04 18:03:00,cancelled,25.38,2.03,0.0,0.0,27.41
201147,1,46,2024-02-19 15:57:00,delivered,31.3,2.5,3.99,6.26,44.05
201148,57,100,2024-01-23 21:35:00,delivered,18.81,1.5,3.99,3.76,28.06
201149,32,39,2024-05-07 09:00:00,cancelled,53.22,4.26,0.0,0.0,57.48
201150,24,31,2024-03-29 18:14:00,delivered,60.41,4.83,3.99,6.04,75.27
201151,82,9,2024-01-20 00:29:00,delivered,11.58,0.93,3.99,2.32,18.82
201152,89,96,2024-02-02 22:12:00,cancelled,15.37,1.23,0.0,0.0,16.6
201153,83,59,2024-03-14 00:19:00,cancelled,14.53,1.16,0.0,0.0,15.69
201154,10,81,2024-04-01 13:34:00,delivered,18.11,1.45,3.99,1.81,25.36
201155,91,89,2024-03-12 21:35:00,delivered,83.07,6.65,3.99,12.46,106.17
201156,44,73,2024-06-28 09:22:00,cancelled,60.47,4.84,0.0,0.0,65.31
201157,45,74,2024-02-11 00:44:00,delivered,16.56,1.32,3.99,1.66,23.53
201158,51,9,2024-03-22 01:10:00,delivered,26.86,2.15,3.99,4.03,37.03
201159,88,29,2024-03-02 13:36:00,delivered,118.68,9.49,3.99,11.87,144.03
201160,97,14,2024-05-15 19:45:00,delivered,10.98,0.88,3.99,1.1,16.95
201161,77,74,2024-06-17 05:00:00,delivered,42.84,3.43,3.99,4.28,54.54
201162,51,68,2024-04-22 14:28:00,delivered,72.4,5.79,3.99,14.48,96.66
201163,15,12,2024-03-12 00:07:00,delivered,66.13,5.29,3.99,9.92,85.33
201164,1,49,2024-01-01 14:22:00,delivered,70.3,5.62,3.99,14.06,93.97
201165,27,78,2024-05-16 10:18:00,delivered,39.84,3.19,3.99,7.97,54.99
201166,21,73,2024-03-16 23:30:00,delivered,102.85,8.23,3.99,15.43,130.5
201167,41,88,2024-04-01 04:53:00,delivered,39.09,3.13,3.99,7.82,54.03
201168,31,65,2024-02-02 05:30:00,cancelled,25.64,2.05,0.0,0.0,27.69
201169,70,3,2024-06-21 05:27:00,delivered,12.0,0.96,3.99,1.8,18.75
201170,48,65,2024-01-11 09:36:00,delivered,66.84,5.35,3.99,13.37,89.55
201171,32,4,2024-02-23 20:14:00,delivered,38.0,3.04,3.99,5.7,50.73
201172,5,90,2024-06-01 00:01:00,delivered,51.34,4.11,3.99,7.7,67.14
201173,19,66,2024-04-16 02:16:00,delivered,61.29,4.9,3.99,9.19,79.37
201174,52,84,2024-05-05 21:24:00,cancelled,85.36,6.83,0.0,0.0,92.19
201175,6,79,2024-04-13 14:35:00,delivered,42.14,3.37,3.99,4.21,53.71
201176,61,33,2024-05-04 23:47:00,delivered,18.02,1.44,3.99,2.7,26.15
201177,63,14,2024-04-24 09:37:00,delivered,7.32,0.59,3.99,1.46,13.36
201178,87,88,2024-01-02 02:46:00,cancelled,5.98,0.48,0.0,0.0,6.46
201179,55,35,2024-05-27 09:38:00,delivered,59.75,4.78,3.99,5.98,74.5
201180,42,63,2024-04-29 19:48:00,delivered,50.9,4.07,3.99,10.18,69.14
201181,12,41,2024-02-14 22:08:00,delivered,37.26,2.98,3.99,7.45,51.68
201182,38,32,2024-03-01 12:06:00,delivered,19.18,1.53,3.99,3.84,28.54
201183,28,33,2024-02-23 01:24:00,cancelled,58.58,4.69,0.0,0.0,63.27
201184,81,74,2024-03-11 08:56:00,cancelled,48.36,3.87,0.0,0.0,52.23
201185,17,25,2024-05-14 10:08:00,delivered,93.19,7.46,3.99,9.32,113.96
201186,55,26,2024-01-29 11:50:00,delivered,20.36,1.63,3.99,2.04,28.02
201187,93,10,2024-04-15 17:55:00,delivered,4.96,0.4,3.99,0.5,9.85
201188,61,99,2024-05-15 19:43:00,cancelled,71.46,5.72,0.0,0.0,77.18
201189,62,50,2024-03-16 05:51:00,cancelled,36.12,2.89,0.0,0.0,39.01
201190,34,36,2024-03-03 18:33:00,delivered,9.44,0.76,3.99,0.94,15.13
201191,49,60,2024-04-08 02:18:00,delivered,64.86,5.19,3.99,12.97,87.01
201192,58,80,2024-04-14 21:39:00,delivered,25.18,2.01,3.99,3.78,34.96
201193,29,90,2024-01-22 03:12:00,delivered,29.22,2.34,3.99,5.84,41.39
201194,43,62,2024-01-16 07:31:00,delivered,33.86,2.71,3.99,3.39,43.95
201195,23,7,2024-02-11 18:18:00,delivered,31.62,2.53,3.99,3.16,41.3
201196,95,44,2024-04-20 01:59:00,cancelled,39.74,3.18,0.0,0.0,42.92
201197,66,98,2024-02-23 13:46:00,delivered,46.47,3.72,3.99,4.65,58.83
201198,86,84,2024-06-15 05:22:00,delivered,56.4,4.51,3.99,5.64,70.54
201199,49,69,2024-05-31 04:48:00,delivered,37.67,3.01,3.99,3.77,48.44
201200,91,45,2024-06-01 08:30:00,delivered,113.9,9.11,3.99,22.78,149.78
