order_item_id,order_id,menu_item_id,quantity,unit_price,line_total
500001,200001,217,3,16.87,50.61
500002,200001,218,3,9.86,29.58
500003,200002,191,3,6.96,20.88
500004,200003,281,2,2.95,5.9
500005,200004,261,1,5.31,5.31
500006,200004,259,2,9.7,19.4
500007,200004,260,3,11.42,34.26
500008,200005,207,2,11.1,22.2
500009,200005,205,3,4.37,13.11
500010,200005,206,3,5.26,15.78
500011,200006,222,1,5.52,5.52
500012,200007,212,3,2.68,8.04
500013,200007,211,3,7.71,23.13
500014,200007,213,3,18.76,56.28
500015,200008,130,1,16.73,16.73
500016,200008,131,3,3.14,9.42
500017,200008,132,2,6.45,12.9
500018,200009,217,1,16.87,16.87
500019,200009,218,1,9.86,9.86
500020,200009,219,3,18.8,56.4
500021,200010,143,3,3.93,11.79
500022,200010,142,3,16.87,50.61
500023,200010,144,1,6.32,6.32
500024,200011,20,2,10.54,21.08
500025,200011,21,2,3.32,6.64
500026,200011,19,3,3.93,11.79
500027,200012,185,1,15.26,15.26
500028,200013,218,1,9.86,9.86
500029,200013,217,1,16.87,16.87
500030,200014,224,2,15.23,30.46
500031,200014,223,2,18.22,36.44
500032,200015,79,1,12.95,12.95
500033,200016,282,2,11.8,23.6
500034,200016,280,1,7.22,7.22
500035,200017,252,1,14.48,14.48
500036,200018,143,3,3.93,11.79
500037,200018,144,2,6.32,12.64
500038,200018,142,2,16.87,33.74
500039,200019,292,3,15.79,47.37
500040,200019,294,3,12.52,37.56
500041,200019,293,3,21.43,64.29
500042,200020,63,1,17.41,17.41
500043,200020,62,2,10.05,20.1
500044,200021,129,1,8.75,8.75
500045,200021,127,1,11.15,11.15
500046,200021,128,1,3.24,3.24
500047,200022,98,1,21.5,21.5
500048,200023,33,1,6.66,6.66
500049,200023,32,2,12.66,25.32
500050,200023,31,1,13.26,13.26
500051,200024,293,1,21.43,21.43
500052,200025,200,3,7.1,21.3
500053,200026,11,3,9.5,28.5
500054,200027,233,2,19.92,39.84
500055,200028,95,2,19.18,38.36
500056,200028,94,2,6.56,13.12
500057,200028,96,2,18.83,37.66
500058,200029,10,3,10.5,31.5
500059,200029,12,1,3.75,3.75
500060,200029,11,2,9.5,19.0
500061,200030,229,3,15.06,45.18
500062,200031,22,2,16.13,32.26
500063,200032,20,2,10.54,21.08
500064,200033,213,1,18.76,18.76
500065,200033,211,2,7.71,15.42
500066,200033,212,2,2.68,5.36
500067,200034,50,3,8.12,24.36
500068,200035,274,2,8.88,17.76
500069,200035,275,2,6.11,12.22
500070,200036,210,2,7.0,14.0
500071,200036,209,3,21.82,65.46
500072,200036,208,2,4.77,9.54
500073,200037,295,2,18.17,36.34
500074,200037,297,1,9.67,9.67
500075,200037,296,3,17.56,52.68
500076,200038,46,2,15.6,31.2
500077,200039,191,2,6.96,13.92
500078,200039,192,1,21.79,21.79
500079,200039,190,3,20.33,60.99
500080,200040,47,3,8.19,24.57
500081,200040,46,1,15.6,15.6
500082,200040,48,3,17.84,53.52
500083,200041,221,1,21.68,21.68
500084,200041,222,1,5.52,5.52
500085,200042,272,3,15.15,45.45
500086,200042,271,3,13.47,40.41
500087,200042,273,1,18.87,18.87
500088,200043,75,3,18.5,55.5
500089,200043,73,1,18.86,18.86
500090,200043,74,3,18.83,56.49
500091,200044,68,1,5.04,5.04
500092,200045,284,1,13.83,13.83
500093,200045,283,3,16.84,50.52
500094,200045,285,3,10.75,32.25
500095,200046,255,3,15.02,45.06
500096,200046,254,1,5.84,5.84
500097,200047,292,2,15.79,31.58
500098,200047,294,1,12.52,12.52
500099,200047,293,3,21.43,64.29
500100,200048,205,1,4.37,4.37
500101,200049,155,2,5.46,10.92
500102,200050,97,1,9.01,9.01
500103,200050,99,2,3.35,6.7
500104,200050,98,2,21.5,43.0
500105,200051,276,2,17.66,35.32
500106,200051,274,2,8.88,17.76
500107,200052,5,2,14.0,28.0
500108,200053,12,3,3.75,11.25
500109,200053,11,1,9.5,9.5
500110,200053,10,3,10.5,31.5
500111,200054,166,3,17.6,52.8
500112,200054,168,3,14.34,43.02
500113,200055,36,2,6.01,12.02
500114,200055,34,3,12.42,37.26
500115,200056,69,1,14.61,14.61
500116,200056,68,1,5.04,5.04
500117,200056,67,1,3.61,3.61
500118,200057,87,1,6.63,6.63
500119,200057,85,2,15.48,30.96
500120,200057,86,2,19.66,39.32
500121,200058,43,1,15.53,15.53
500122,200059,183,3,20.3,60.9
500123,200059,182,1,9.27,9.27
500124,200060,294,2,12.52,25.04
500125,200060,293,2,21.43,42.86
500126,200061,72,1,21.16,21.16
500127,200062,96,3,18.83,56.49
500128,200062,94,2,6.56,13.12
500129,200062,95,1,19.18,19.18
500130,200063,245,2,14.71,29.42
500131,200063,244,1,18.62,18.62
500132,200063,246,2,19.29,38.58
500133,200064,93,3,11.07,33.21
500134,200065,20,1,10.54,10.54
500135,200065,21,2,3.32,6.64
500136,200065,19,2,3.93,7.86
500137,200066,160,1,11.54,11.54
500138,200066,161,1,14.72,14.72
500139,200067,295,2,18.17,36.34
500140,200068,288,2,18.51,37.02
500141,200068,287,2,5.28,10.56
500142,200068,286,3,15.37,46.11
500143,200069,97,1,9.01,9.01
500144,200069,99,1,3.35,3.35
500145,200070,254,1,5.84,5.84
500146,200070,255,1,15.02,15.02
500147,200070,253,3,21.13,63.39
500148,200071,143,1,3.93,3.93
500149,200071,144,3,6.32,18.96
500150,200071,142,3,16.87,50.61
500151,200072,142,2,16.87,33.74
500152,200072,143,1,3.93,3.93
500153,200072,144,1,6.32,6.32
500154,200073,230,2,3.6,7.2
500155,200074,6,3,4.5,13.5
500156,200074,4,1,12.0,12.0
500157,200075,6,3,4.5,13.5
500158,200075,5,3,14.0,42.0
500159,200075,4,3,12.0,36.0
500160,200076,175,2,5.51,11.02
500161,200076,176,2,14.53,29.06
500162,200077,43,1,15.53,15.53
500163,200078,108,2,6.37,12.74
500164,200078,106,3,3.07,9.21
500165,200079,233,2,19.92,39.84
500166,200079,232,3,3.96,11.88
500167,200079,234,3,21.31,63.93
500168,200080,181,3,3.27,9.81
500169,200080,182,1,9.27,9.27
500170,200080,183,3,20.3,60.9
500171,200081,104,3,12.64,37.92
500172,200081,105,2,20.25,40.5
500173,200082,231,2,21.49,42.98
500174,200083,58,3,11.17,33.51
500175,200083,59,2,10.28,20.56
500176,200084,141,3,9.31,27.93
500177,200084,139,3,12.55,37.65
500178,200084,140,2,3.75,7.5
500179,200085,1,1,3.5,3.5
500180,200085,2,1,8.0,8.0
500181,200086,29,3,8.09,24.27
500182,200087,204,3,12.34,37.02
500183,200087,202,1,10.5,10.5
500184,200088,79,3,12.95,38.85
500185,200088,80,2,17.66,35.32
500186,200089,131,2,3.14,6.28
500187,200090,228,2,7.22,14.44
500188,200090,227,2,6.06,12.12
500189,200091,272,2,15.15,30.3
500190,200091,271,2,13.47,26.94
500191,200092,54,3,14.25,42.75
500192,200092,53,2,14.71,29.42
500193,200093,152,2,4.86,9.72
500194,200093,151,1,9.31,9.31
500195,200094,115,2,8.65,17.3
500196,200094,116,3,9.09,27.27
500197,200095,212,3,2.68,8.04
500198,200095,213,3,18.76,56.28
500199,200095,211,1,7.71,7.71
500200,200096,194,3,19.98,59.94
500201,200097,134,2,20.95,41.9
500202,200097,135,1,21.11,21.11
500203,200098,51,2,17.81,35.62
500204,200099,55,3,15.96,47.88
500205,200099,56,2,12.37,24.74
500206,200100,98,3,21.5,64.5
500207,200101,193,1,12.82,12.82
500208,200102,296,3,17.56,52.68
500209,200102,295,1,18.17,18.17
500210,200103,75,2,18.5,37.0
500211,200103,73,3,18.86,56.58
500212,200104,156,1,6.91,6.91
500213,200104,155,1,5.46,5.46
500214,200104,154,2,18.18,36.36
500215,200105,213,2,18.76,37.52
500216,200105,212,2,2.68,5.36
500217,200106,82,2,17.93,35.86
500218,200106,84,2,8.57,17.14
500219,200107,286,3,15.37,46.11
500220,200107,287,3,5.28,15.84
500221,200107,288,1,18.51,18.51
500222,200108,127,1,11.15,11.15
500223,200109,234,3,21.31,63.93
500224,200109,233,3,19.92,59.76
500225,200109,232,2,3.96,7.92
500226,200110,67,3,3.61,10.83
500227,200111,100,2,17.75,35.5
500228,200112,60,2,6.5,13.0
500229,200112,59,1,10.28,10.28
500230,200113,70,1,21.52,21.52
500231,200113,72,3,21.16,63.48
500232,200113,71,1,18.09,18.09
500233,200114,106,3,3.07,9.21
500234,200114,108,3,6.37,19.11
500235,200115,148,1,16.44,16.44
500236,200116,71,1,18.09,18.09
500237,200116,70,2,21.52,43.04
500238,200117,250,3,4.57,13.71
500239,200118,235,2,13.1,26.2
500240,200119,272,1,15.15,15.15
500241,200119,271,3,13.47,40.41
500242,200120,61,2,17.67,35.34
500243,200121,13,3,12.65,37.95
500244,200122,55,3,15.96,47.88
500245,200122,57,1,4.06,4.06
500246,200122,56,2,12.37,24.74
500247,200123,268,1,3.75,3.75
500248,200124,245,3,14.71,44.13
500249,200125,264,1,2.99,2.99
500250,200125,263,3,15.06,45.18
500251,200126,183,3,20.3,60.9
500252,200127,66,2,4.86,9.72
500253,200128,100,1,17.75,17.75
500254,200128,102,3,10.51,31.53
500255,200128,101,2,12.45,24.9
500256,200129,258,1,13.88,13.88
500257,200130,84,2,8.57,17.14
500258,200131,177,3,6.23,18.69
500259,200132,32,2,12.66,25.32
500260,200132,31,1,13.26,13.26
500261,200132,33,1,6.66,6.66
500262,200133,164,2,20.18,40.36
500263,200134,80,1,17.66,17.66
500264,200135,236,3,3.58,10.74
500265,200135,235,1,13.1,13.1
500266,200136,110,3,18.14,54.42
500267,200137,6,2,4.5,9.0
500268,200138,84,1,8.57,8.57
500269,200138,83,3,13.58,40.74
500270,200138,82,3,17.93,53.79
500271,200139,94,1,6.56,6.56
500272,200139,95,1,19.18,19.18
500273,200139,96,2,18.83,37.66
500274,200140,186,1,7.13,7.13
500275,200140,185,1,15.26,15.26
500276,200141,35,3,16.85,50.55
500277,200142,87,1,6.63,6.63
500278,200143,2,2,8.0,16.0
500279,200143,3,1,3.25,3.25
500280,200143,1,3,3.5,10.5
500281,200144,156,3,6.91,20.73
500282,200144,154,3,18.18,54.54
500283,200145,148,2,16.44,32.88
500284,200145,150,1,9.84,9.84
500285,200145,149,2,4.33,8.66
500286,200146,120,1,17.01,17.01
500287,200146,119,3,5.37,16.11
500288,200146,118,1,9.7,9.7
500289,200147,141,3,9.31,27.93
500290,200148,17,2,5.12,10.24
500291,200148,18,2,21.46,42.92
500292,200148,16,1,12.59,12.59
500293,200149,212,2,2.68,5.36
500294,200149,211,2,7.71,15.42
500295,200149,213,1,18.76,18.76
500296,200150,247,3,13.01,39.03
500297,200151,213,3,18.76,56.28
500298,200151,211,2,7.71,15.42
500299,200151,212,3,2.68,8.04
500300,200152,32,2,12.66,25.32
500301,200152,31,2,13.26,26.52
500302,200152,33,2,6.66,13.32
500303,200153,119,3,5.37,16.11
500304,200153,120,1,17.01,17.01
500305,200154,25,2,11.58,23.16
500306,200154,27,2,13.43,26.86
500307,200155,113,1,17.39,17.39
500308,200155,114,3,19.65,58.95
500309,200156,191,1,6.96,6.96
500310,200156,190,1,20.33,20.33
500311,200156,192,2,21.79,43.58
500312,200157,64,2,9.63,19.26
500313,200158,124,1,6.88,6.88
500314,200158,125,3,10.23,30.69
500315,200159,163,2,15.2,30.4
500316,200159,164,1,20.18,20.18
500317,200159,165,1,13.54,13.54
500318,200160,135,2,21.11,42.22
500319,200160,133,2,14.97,29.94
500320,200161,31,3,13.26,39.78
500321,200162,152,1,4.86,4.86
500322,200163,67,2,3.61,7.22
500323,200164,199,1,7.4,7.4
500324,200165,227,1,6.06,6.06
500325,200165,226,3,2.95,8.85
500326,200166,291,3,4.35,13.05
500327,200166,289,2,6.85,13.7
500328,200167,253,1,21.13,21.13
500329,200168,7,3,9.0,27.0
500330,200168,9,3,4.75,14.25
500331,200169,234,1,21.31,21.31
500332,200169,232,3,3.96,11.88
500333,200170,193,1,12.82,12.82
500334,200170,194,1,19.98,19.98
500335,200170,195,2,8.4,16.8
500336,200171,253,2,21.13,42.26
500337,200171,254,1,5.84,5.84
500338,200172,164,2,20.18,40.36
500339,200172,163,2,15.2,30.4
500340,200173,263,2,15.06,30.12
500341,200174,75,3,18.5,55.5
500342,200175,41,1,3.66,3.66
500343,200176,62,1,10.05,10.05
500344,200176,61,2,17.67,35.34
500345,200176,63,1,17.41,17.41
500346,200177,200,3,7.1,21.3
500347,200177,199,2,7.4,14.8
500348,200178,181,1,3.27,3.27
500349,200178,182,1,9.27,9.27
500350,200178,183,2,20.3,40.6
500351,200179,29,1,8.09,8.09
500352,200180,300,1,18.81,18.81
500353,200180,298,3,19.27,57.81
500354,200180,299,1,11.97,11.97
500355,200181,134,2,20.95,41.9
500356,200181,135,1,21.11,21.11
500357,200182,132,2,6.45,12.9
500358,200182,131,1,3.14,3.14
500359,200183,70,3,21.52,64.56
500360,200183,72,3,21.16,63.48
500361,200183,71,3,18.09,54.27
500362,200184,92,3,3.95,11.85
500363,200184,93,2,11.07,22.14
500364,200185,115,3,8.65,25.95
500365,200185,116,1,9.09,9.09
500366,200186,4,3,12.0,36.0
500367,200186,5,1,14.0,14.0
500368,200187,82,1,17.93,17.93
500369,200187,84,1,8.57,8.57
500370,200188,254,3,5.84,17.52
500371,200188,255,2,15.02,30.04
500372,200189,45,3,7.09,21.27
500373,200190,56,2,12.37,24.74
500374,200190,55,1,15.96,15.96
500375,200191,192,2,21.79,43.58
500376,200192,196,3,12.23,36.69
500377,200192,198,1,20.43,20.43
500378,200193,137,2,18.0,36.0
500379,200194,75,2,18.5,37.0
500380,200194,73,1,18.86,18.86
500381,200194,74,3,18.83,56.49
500382,200195,220,1,15.9,15.9
500383,200195,222,2,5.52,11.04
500384,200195,221,2,21.68,43.36
500385,200196,257,2,13.98,27.96
500386,200196,258,1,13.88,13.88
500387,200197,171,2,13.18,26.36
500388,200198,181,1,3.27,3.27
500389,200199,107,1,9.78,9.78
500390,200199,106,1,3.07,3.07
500391,200200,27,3,13.43,40.29
500392,200200,26,3,12.46,37.38
500393,200200,25,1,11.58,11.58
500394,200201,13,3,12.65,37.95
500395,200202,66,1,4.86,4.86
500396,200202,64,1,9.63,9.63
500397,200202,65,2,22.0,44.0
500398,200203,272,2,15.15,30.3
500399,200203,271,3,13.47,40.41
500400,200203,273,1,18.87,18.87
500401,200204,262,1,15.5,15.5
500402,200204,264,3,2.99,8.97
500403,200205,225,1,21.66,21.66
500404,200205,224,2,15.23,30.46
500405,200206,212,3,2.68,8.04
500406,200206,211,2,7.71,15.42
500407,200206,213,2,18.76,37.52
500408,200207,274,3,8.88,26.64
500409,200207,276,1,17.66,17.66
500410,200208,200,1,7.1,7.1
500411,200208,201,2,21.65,43.3
500412,200208,199,2,7.4,14.8
500413,200209,123,1,5.54,5.54
500414,200209,122,2,12.25,24.5
500415,200210,169,3,20.22,60.66
500416,200211,137,1,18.0,18.0
500417,200211,136,3,15.65,46.95
500418,200211,138,2,21.55,43.1
500419,200212,49,2,13.23,26.46
500420,200212,50,1,8.12,8.12
500421,200212,51,3,17.81,53.43
500422,200213,88,2,3.78,7.56
500423,200213,89,2,15.49,30.98
500424,200213,90,1,11.26,11.26
500425,200214,131,1,3.14,3.14
500426,200215,23,1,4.7,4.7
500427,200215,22,2,16.13,32.26
500428,200216,291,3,4.35,13.05
500429,200216,289,3,6.85,20.55
500430,200216,290,3,19.48,58.44
500431,200217,120,1,17.01,17.01
500432,200218,141,1,9.31,9.31
500433,200219,281,3,2.95,8.85
500434,200220,207,1,11.1,11.1
500435,200220,206,1,5.26,5.26
500436,200220,205,1,4.37,4.37
500437,200221,201,1,21.65,21.65
500438,200221,199,1,7.4,7.4
500439,200221,200,2,7.1,14.2
500440,200222,97,1,9.01,9.01
500441,200223,102,3,10.51,31.53
500442,200224,41,1,3.66,3.66
500443,200225,140,2,3.75,7.5
500444,200225,139,2,12.55,25.1
500445,200226,285,2,10.75,21.5
500446,200227,133,1,14.97,14.97
500447,200228,282,2,11.8,23.6
500448,200228,281,1,2.95,2.95
500449,200229,97,2,9.01,18.02
500450,200229,99,3,3.35,10.05
500451,200229,98,2,21.5,43.0
500452,200230,202,3,10.5,31.5
500453,200230,203,1,3.88,3.88
500454,200231,25,2,11.58,23.16
500455,200231,26,1,12.46,12.46
500456,200231,27,3,13.43,40.29
500457,200232,221,1,21.68,21.68
500458,200233,292,3,15.79,47.37
500459,200233,293,3,21.43,64.29
500460,200233,294,3,12.52,37.56
500461,200234,75,2,18.5,37.0
500462,200234,74,1,18.83,18.83
500463,200235,79,2,12.95,25.9
500464,200236,73,3,18.86,56.58
500465,200237,246,2,19.29,38.58
500466,200237,245,1,14.71,14.71
500467,200238,198,1,20.43,20.43
500468,200238,197,3,13.27,39.81
500469,200238,196,1,12.23,12.23
500470,200239,225,2,21.66,43.32
500471,200240,42,3,11.5,34.5
500472,200240,40,2,11.42,22.84
500473,200241,166,2,17.6,35.2
500474,200242,198,3,20.43,61.29
500475,200243,265,1,19.51,19.51
500476,200243,267,1,9.88,9.88
500477,200244,109,1,3.52,3.52
500478,200244,110,2,18.14,36.28
500479,200245,212,2,2.68,5.36
500480,200246,188,3,16.89,50.67
500481,200246,189,3,8.56,25.68
500482,200246,187,2,11.29,22.58
500483,200247,192,1,21.79,21.79
500484,200247,191,1,6.96,6.96
500485,200248,51,3,17.81,53.43
500486,200248,49,2,13.23,26.46
500487,200248,50,3,8.12,24.36
500488,200249,300,2,18.81,37.62
500489,200250,81,1,3.77,3.77
500490,200250,79,1,12.95,12.95
500491,200251,131,3,3.14,9.42
500492,200252,203,3,3.88,11.64
500493,200252,204,1,12.34,12.34
500494,200253,37,3,5.24,15.72
500495,200254,293,2,21.43,42.86
500496,200254,292,1,15.79,15.79
500497,200255,168,3,14.34,43.02
500498,200255,166,1,17.6,17.6
500499,200256,109,3,3.52,10.56
500500,200256,111,2,20.13,40.26
500501,200256,110,3,18.14,54.42
500502,200257,3,2,3.25,6.5
500503,200257,1,3,3.5,10.5
500504,200258,216,1,16.56,16.56
500505,200258,214,1,5.44,5.44
500506,200259,230,2,3.6,7.2
500507,200260,120,1,17.01,17.01
500508,200261,161,3,14.72,44.16
500509,200261,160,2,11.54,23.08
500510,200262,238,2,12.59,25.18
500511,200262,239,2,21.55,43.1
500512,200262,240,2,6.83,13.66
500513,200263,291,1,4.35,4.35
500514,200263,290,3,19.48,58.44
500515,200264,265,3,19.51,58.53
500516,200264,267,3,9.88,29.64
500517,200264,266,3,7.33,21.99
500518,200265,287,2,5.28,10.56
500519,200265,288,3,18.51,55.53
500520,200266,143,3,3.93,11.79
500521,200266,142,1,16.87,16.87
500522,200267,86,3,19.66,58.98
500523,200268,244,3,18.62,55.86
500524,200268,245,2,14.71,29.42
500525,200268,246,2,19.29,38.58
500526,200269,207,2,11.1,22.2
500527,200270,224,2,15.23,30.46
500528,200270,225,2,21.66,43.32
500529,200270,223,2,18.22,36.44
500530,200271,262,2,15.5,31.0
500531,200271,264,3,2.99,8.97
500532,200271,263,2,15.06,30.12
500533,200272,220,1,15.9,15.9
500534,200272,221,1,21.68,21.68
500535,200273,77,3,20.36,61.08
500536,200274,145,2,9.68,19.36
500537,200275,158,3,7.19,21.57
500538,200275,159,3,19.05,57.15
500539,200275,157,1,18.85,18.85
500540,200276,180,1,14.64,14.64
500541,200276,178,3,20.62,61.86
500542,200277,26,1,12.46,12.46
500543,200278,118,1,9.7,9.7
500544,200279,40,3,11.42,34.26
500545,200280,270,2,9.08,18.16
500546,200280,269,3,7.31,21.93
500547,200280,268,3,3.75,11.25
500548,200281,126,3,19.36,58.08
500549,200281,124,1,6.88,6.88
500550,200282,231,2,21.49,42.98
500551,200282,230,1,3.6,3.6
500552,200283,6,3,4.5,13.5
500553,200283,4,3,12.0,36.0
500554,200284,146,3,19.38,58.14
500555,200284,147,2,20.62,41.24
500556,200284,145,2,9.68,19.36
500557,200285,15,3,3.67,11.01
500558,200285,14,2,10.43,20.86
500559,200285,13,3,12.65,37.95
500560,200286,54,1,14.25,14.25
500561,200287,23,1,4.7,4.7
500562,200288,271,1,13.47,13.47
500563,200288,273,2,18.87,37.74
500564,200289,244,2,18.62,37.24
500565,200289,245,3,14.71,44.13
500566,200290,43,1,15.53,15.53
500567,200290,44,1,21.14,21.14
500568,200291,39,1,3.13,3.13
500569,200291,38,3,17.88,53.64
500570,200292,199,3,7.4,22.2
500571,200292,201,2,21.65,43.3
500572,200293,86,2,19.66,39.32
500573,200294,6,1,4.5,4.5
500574,200294,5,1,14.0,14.0
500575,200294,4,2,12.0,24.0
500576,200295,280,2,7.22,14.44
500577,200295,282,3,11.8,35.4
500578,200296,221,1,21.68,21.68
500579,200296,222,1,5.52,5.52
500580,200296,220,1,15.9,15.9
500581,200297,207,3,11.1,33.3
500582,200297,205,3,4.37,13.11
500583,200298,131,1,3.14,3.14
500584,200298,132,2,6.45,12.9
500585,200299,242,3,8.18,24.54
500586,200299,241,2,12.45,24.9
500587,200300,182,1,9.27,9.27
500588,200300,183,1,20.3,20.3
500589,200301,222,2,5.52,11.04
500590,200302,64,1,9.63,9.63
500591,200303,298,3,19.27,57.81
500592,200303,300,3,18.81,56.43
500593,200304,204,1,12.34,12.34
500594,200304,203,2,3.88,7.76
500595,200305,141,2,9.31,18.62
500596,200306,8,1,3.0,3.0
500597,200306,9,1,4.75,4.75
500598,200307,198,1,20.43,20.43
500599,200307,196,2,12.23,24.46
500600,200307,197,1,13.27,13.27
500601,200308,51,3,17.81,53.43
500602,200309,20,2,10.54,21.08
500603,200309,21,3,3.32,9.96
500604,200309,19,2,3.93,7.86
500605,200310,47,1,8.19,8.19
500606,200310,48,3,17.84,53.52
500607,200311,181,2,3.27,6.54
500608,200311,183,1,20.3,20.3
500609,200312,96,1,18.83,18.83
500610,200312,94,3,6.56,19.68
500611,200313,245,2,14.71,29.42
500612,200314,300,2,18.81,37.62
500613,200314,299,3,11.97,35.91
500614,200315,258,2,13.88,27.76
500615,200316,249,1,21.02,21.02
500616,200317,250,3,4.57,13.71
500617,200317,251,1,16.39,16.39
500618,200318,18,1,21.46,21.46
500619,200319,206,2,5.26,10.52
500620,200319,205,3,4.37,13.11
500621,200320,262,3,15.5,46.5
500622,200320,263,1,15.06,15.06
500623,200321,34,3,12.42,37.26
500624,200322,286,2,15.37,30.74
500625,200322,287,1,5.28,5.28
500626,200323,238,3,12.59,37.77
500627,200323,239,2,21.55,43.1
500628,200323,240,1,6.83,6.83
500629,200324,264,3,2.99,8.97
500630,200324,263,3,15.06,45.18
500631,200324,262,3,15.5,46.5
500632,200325,162,1,11.01,11.01
500633,200325,160,1,11.54,11.54
500634,200326,76,3,2.51,7.53
500635,200326,77,1,20.36,20.36
500636,200326,78,1,18.16,18.16
500637,200327,130,2,16.73,33.46
500638,200327,131,2,3.14,6.28
500639,200327,132,3,6.45,19.35
500640,200328,70,1,21.52,21.52
500641,200328,71,3,18.09,54.27
500642,200329,62,2,10.05,20.1
500643,200329,63,1,17.41,17.41
500644,200329,61,3,17.67,53.01
500645,200330,205,3,4.37,13.11
500646,200330,207,2,11.1,22.2
500647,200331,24,3,12.55,37.65
500648,200331,22,2,16.13,32.26
500649,200332,80,1,17.66,17.66
500650,200332,79,3,12.95,38.85
500651,200332,81,1,3.77,3.77
500652,200333,19,3,3.93,11.79
500653,200333,20,2,10.54,21.08
500654,200333,21,1,3.32,3.32
500655,200334,246,2,19.29,38.58
500656,200334,244,1,18.62,18.62
500657,200334,245,3,14.71,44.13
500658,200335,18,1,21.46,21.46
500659,200335,16,2,12.59,25.18
500660,200336,44,2,21.14,42.28
500661,200337,37,3,5.24,15.72
500662,200337,38,3,17.88,53.64
500663,200338,114,3,19.65,58.95
500664,200338,113,2,17.39,34.78
500665,200338,112,3,13.69,41.07
500666,200339,220,1,15.9,15.9
500667,200339,222,1,5.52,5.52
500668,200339,221,3,21.68,65.04
500669,200340,82,3,17.93,53.79
500670,200340,84,3,8.57,25.71
500671,200341,238,1,12.59,12.59
500672,200342,225,2,21.66,43.32
500673,200343,115,2,8.65,17.3
500674,200343,117,3,7.09,21.27
500675,200344,282,1,11.8,11.8
500676,200344,281,1,2.95,2.95
500677,200344,280,1,7.22,7.22
500678,200345,181,2,3.27,6.54
500679,200346,135,1,21.11,21.11
500680,200347,82,2,17.93,35.86
500681,200347,84,2,8.57,17.14
500682,200348,223,1,18.22,18.22
500683,200348,224,1,15.23,15.23
500684,200349,251,2,16.39,32.78
500685,200349,250,3,4.57,13.71
500686,200350,78,3,18.16,54.48
500687,200350,76,1,2.51,2.51
500688,200351,204,3,12.34,37.02
500689,200351,202,2,10.5,21.0
500690,200351,203,3,3.88,11.64
500691,200352,215,3,15.15,45.45
500692,200352,216,2,16.56,33.12
500693,200352,214,1,5.44,5.44
500694,200353,253,2,21.13,42.26
500695,200353,255,3,15.02,45.06
500696,200353,254,3,5.84,17.52
500697,200354,19,2,3.93,7.86
500698,200355,215,2,15.15,30.3
500699,200355,216,3,16.56,49.68
500700,200355,214,2,5.44,10.88
500701,200356,18,1,21.46,21.46
500702,200356,16,3,12.59,37.77
500703,200356,17,3,5.12,15.36
500704,200357,172,3,16.04,48.12
500705,200357,174,2,21.31,42.62
500706,200357,173,3,9.21,27.63
500707,200358,116,2,9.09,18.18
500708,200358,115,1,8.65,8.65
500709,200358,117,2,7.09,14.18
500710,200359,251,3,16.39,49.17
500711,200359,252,2,14.48,28.96
500712,200359,250,3,4.57,13.71
500713,200360,232,3,3.96,11.88
500714,200360,233,3,19.92,59.76
500715,200361,240,2,6.83,13.66
500716,200361,238,1,12.59,12.59
500717,200361,239,3,21.55,64.65
500718,200362,260,2,11.42,22.84
500719,200363,24,3,12.55,37.65
500720,200363,23,1,4.7,4.7
500721,200363,22,3,16.13,48.39
500722,200364,185,2,15.26,30.52
500723,200364,184,1,4.34,4.34
500724,200365,291,3,4.35,13.05
500725,200365,289,2,6.85,13.7
500726,200366,20,1,10.54,10.54
500727,200367,96,1,18.83,18.83
500728,200368,12,3,3.75,11.25
500729,200368,11,2,9.5,19.0
500730,200369,14,3,10.43,31.29
500731,200369,15,2,3.67,7.34
500732,200370,202,2,10.5,21.0
500733,200370,203,3,3.88,11.64
500734,200370,204,3,12.34,37.02
500735,200371,102,1,10.51,10.51
500736,200372,268,1,3.75,3.75
500737,200372,269,2,7.31,14.62
500738,200373,85,1,15.48,15.48
500739,200373,86,1,19.66,19.66
500740,200374,282,1,11.8,11.8
500741,200375,192,2,21.79,43.58
500742,200376,30,3,4.96,14.88
500743,200376,29,3,8.09,24.27
500744,200376,28,3,21.68,65.04
500745,200377,42,1,11.5,11.5
500746,200377,41,1,3.66,3.66
500747,200378,289,2,6.85,13.7
500748,200378,290,3,19.48,58.44
500749,200379,136,3,15.65,46.95
500750,200379,138,2,21.55,43.1
500751,200379,137,1,18.0,18.0
500752,200380,15,3,3.67,11.01
500753,200381,110,2,18.14,36.28
500754,200381,109,2,3.52,7.04
500755,200382,297,2,9.67,19.34
500756,200382,296,1,17.56,17.56
500757,200382,295,2,18.17,36.34
500758,200383,224,1,15.23,15.23
500759,200384,101,3,12.45,37.35
500760,200385,105,2,20.25,40.5
500761,200386,49,3,13.23,39.69
500762,200387,246,2,19.29,38.58
500763,200387,245,3,14.71,44.13
500764,200388,243,3,18.11,54.33
500765,200388,241,1,12.45,12.45
500766,200389,34,1,12.42,12.42
500767,200389,36,3,6.01,18.03
500768,200390,42,1,11.5,11.5
500769,200390,41,3,3.66,10.98
500770,200390,40,1,11.42,11.42
500771,200391,23,2,4.7,9.4
500772,200391,24,2,12.55,25.1
500773,200391,22,3,16.13,48.39
500774,200392,44,2,21.14,42.28
500775,200393,207,1,11.1,11.1
500776,200393,206,3,5.26,15.78
500777,200393,205,1,4.37,4.37
500778,200394,293,2,21.43,42.86
500779,200394,294,1,12.52,12.52
500780,200394,292,3,15.79,47.37
500781,200395,197,3,13.27,39.81
500782,200395,198,3,20.43,61.29
500783,200395,196,2,12.23,24.46
500784,200396,207,3,11.1,33.3
500785,200396,205,3,4.37,13.11
500786,200397,262,2,15.5,31.0
500787,200398,164,2,20.18,40.36
500788,200398,165,1,13.54,13.54
500789,200399,182,2,9.27,18.54
500790,200399,183,3,20.3,60.9
500791,200399,181,1,3.27,3.27
500792,200400,57,2,4.06,8.12
500793,200401,255,2,15.02,30.04
500794,200401,254,3,5.84,17.52
500795,200402,89,1,15.49,15.49
500796,200402,90,2,11.26,22.52
500797,200403,149,2,4.33,8.66
500798,200404,148,3,16.44,49.32
500799,200404,149,3,4.33,12.99
500800,200404,150,3,9.84,29.52
500801,200405,257,1,13.98,13.98
500802,200405,256,2,13.97,27.94
500803,200405,258,2,13.88,27.76
500804,200406,3,1,3.25,3.25
500805,200406,1,1,3.5,3.5
500806,200406,2,1,8.0,8.0
500807,200407,18,2,21.46,42.92
500808,200407,16,2,12.59,25.18
500809,200408,47,1,8.19,8.19
500810,200408,48,2,17.84,35.68
500811,200408,46,1,15.6,15.6
500812,200409,9,1,4.75,4.75
500813,200409,8,2,3.0,6.0
500814,200409,7,2,9.0,18.0
500815,200410,239,3,21.55,64.65
500816,200411,214,3,5.44,16.32
500817,200411,216,3,16.56,49.68
500818,200412,111,1,20.13,20.13
500819,200413,70,1,21.52,21.52
500820,200413,72,1,21.16,21.16
500821,200413,71,1,18.09,18.09
500822,200414,212,2,2.68,5.36
500823,200414,211,3,7.71,23.13
500824,200415,182,2,9.27,18.54
500825,200416,64,3,9.63,28.89
500826,200417,271,3,13.47,40.41
500827,200417,273,1,18.87,18.87
500828,200417,272,1,15.15,15.15
500829,200418,52,3,21.54,64.62
500830,200418,53,1,14.71,14.71
500831,200419,5,2,14.0,28.0
500832,200419,4,2,12.0,24.0
500833,200419,6,2,4.5,9.0
500834,200420,28,3,21.68,65.04
500835,200421,41,3,3.66,10.98
500836,200422,69,3,14.61,43.83
500837,200422,68,3,5.04,15.12
500838,200423,232,1,3.96,3.96
500839,200423,233,1,19.92,19.92
500840,200424,127,1,11.15,11.15
500841,200424,129,2,8.75,17.5
500842,200424,128,1,3.24,3.24
500843,200425,279,3,9.05,27.15
500844,200426,276,2,17.66,35.32
500845,200427,250,1,4.57,4.57
500846,200427,251,2,16.39,32.78
500847,200427,252,1,14.48,14.48
500848,200428,86,2,19.66,39.32
500849,200428,85,1,15.48,15.48
500850,200428,87,2,6.63,13.26
500851,200429,97,3,9.01,27.03
500852,200429,98,2,21.5,43.0
500853,200430,150,1,9.84,9.84
500854,200430,148,1,16.44,16.44
500855,200430,149,1,4.33,4.33
500856,200431,240,1,6.83,6.83
500857,200431,239,3,21.55,64.65
500858,200432,211,2,7.71,15.42
500859,200432,213,3,18.76,56.28
500860,200433,49,1,13.23,13.23
500861,200434,268,2,3.75,7.5
500862,200434,270,1,9.08,9.08
500863,200434,269,3,7.31,21.93
500864,200435,265,1,19.51,19.51
500865,200436,225,3,21.66,64.98
500866,200436,223,2,18.22,36.44
500867,200437,277,2,12.21,24.42
500868,200438,80,1,17.66,17.66
500869,200439,18,2,21.46,42.92
500870,200440,33,3,6.66,19.98
500871,200440,32,1,12.66,12.66
500872,200440,31,3,13.26,39.78
500873,200441,118,3,9.7,29.1
500874,200441,119,1,5.37,5.37
500875,200441,120,2,17.01,34.02
500876,200442,77,2,20.36,40.72
500877,200442,76,2,2.51,5.02
500878,200443,40,2,11.42,22.84
500879,200443,42,1,11.5,11.5
500880,200443,41,3,3.66,10.98
500881,200444,98,3,21.5,64.5
500882,200445,271,1,13.47,13.47
500883,200446,277,1,12.21,12.21
500884,200447,73,1,18.86,18.86
500885,200447,75,3,18.5,55.5
500886,200447,74,3,18.83,56.49
500887,200448,250,1,4.57,4.57
500888,200449,153,2,12.25,24.5
500889,200449,152,3,4.86,14.58
500890,200449,151,3,9.31,27.93
500891,200450,150,2,9.84,19.68
500892,200451,236,2,3.58,7.16
500893,200452,288,2,18.51,37.02
500894,200453,186,1,7.13,7.13
500895,200453,184,2,4.34,8.68
500896,200453,185,1,15.26,15.26
500897,200454,148,1,16.44,16.44
500898,200455,293,1,21.43,21.43
500899,200455,294,3,12.52,37.56
500900,200455,292,3,15.79,47.37
500901,200456,125,2,10.23,20.46
500902,200456,126,1,19.36,19.36
500903,200456,124,2,6.88,13.76
500904,200457,121,3,12.42,37.26
500905,200457,123,2,5.54,11.08
500906,200458,258,3,13.88,41.64
500907,200458,257,2,13.98,27.96
500908,200458,256,2,13.97,27.94
500909,200459,198,2,20.43,40.86
500910,200459,197,2,13.27,26.54
500911,200459,196,3,12.23,36.69
500912,200460,100,1,17.75,17.75
500913,200461,129,1,8.75,8.75
500914,200462,268,1,3.75,3.75
500915,200462,269,2,7.31,14.62
500916,200462,270,3,9.08,27.24
500917,200463,147,3,20.62,61.86
500918,200464,252,2,14.48,28.96
500919,200465,238,2,12.59,25.18
500920,200466,267,2,9.88,19.76
500921,200466,265,1,19.51,19.51
500922,200466,266,2,7.33,14.66
500923,200467,228,2,7.22,14.44
500924,200467,226,2,2.95,5.9
500925,200467,227,1,6.06,6.06
500926,200468,68,1,5.04,5.04
500927,200468,69,1,14.61,14.61
500928,200468,67,3,3.61,10.83
500929,200469,278,2,3.72,7.44
500930,200469,277,1,12.21,12.21
500931,200470,61,3,17.67,53.01
500932,200470,63,3,17.41,52.23
500933,200471,225,3,21.66,64.98
500934,200471,223,3,18.22,54.66
500935,200471,224,2,15.23,30.46
500936,200472,5,2,14.0,28.0
500937,200472,6,2,4.5,9.0
500938,200472,4,3,12.0,36.0
500939,200473,79,1,12.95,12.95
500940,200473,81,2,3.77,7.54
500941,200473,80,2,17.66,35.32
500942,200474,269,3,7.31,21.93
500943,200474,270,1,9.08,9.08
500944,200474,268,2,3.75,7.5
500945,200475,78,3,18.16,54.48
500946,200476,204,3,12.34,37.02
500947,200476,202,3,10.5,31.5
500948,200477,95,2,19.18,38.36
500949,200478,119,2,5.37,10.74
500950,200478,120,2,17.01,34.02
500951,200479,57,1,4.06,4.06
500952,200479,55,2,15.96,31.92
500953,200479,56,1,12.37,12.37
500954,200480,192,1,21.79,21.79
500955,200481,46,3,15.6,46.8
500956,200481,47,3,8.19,24.57
500957,200481,48,1,17.84,17.84
500958,200482,276,1,17.66,17.66
500959,200482,275,1,6.11,6.11
500960,200483,203,2,3.88,7.76
500961,200483,202,2,10.5,21.0
500962,200483,204,3,12.34,37.02
500963,200484,133,3,14.97,44.91
500964,200484,135,2,21.11,42.22
500965,200484,134,2,20.95,41.9
500966,200485,297,1,9.67,9.67
500967,200485,296,1,17.56,17.56
500968,200486,97,1,9.01,9.01
500969,200486,98,1,21.5,21.5
500970,200487,289,1,6.85,6.85
500971,200487,290,3,19.48,58.44
500972,200488,43,2,15.53,31.06
500973,200489,241,2,12.45,24.9
500974,200489,243,2,18.11,36.22
500975,200489,242,1,8.18,8.18
500976,200490,7,3,9.0,27.0
500977,200491,251,3,16.39,49.17
500978,200492,203,1,3.88,3.88
500979,200492,204,3,12.34,37.02
500980,200493,193,2,12.82,25.64
500981,200493,195,3,8.4,25.2
500982,200493,194,2,19.98,39.96
500983,200494,5,1,14.0,14.0
500984,200494,6,3,4.5,13.5
500985,200494,4,2,12.0,24.0
500986,200495,103,3,21.83,65.49
500987,200495,105,2,20.25,40.5
500988,200495,104,1,12.64,12.64
500989,200496,31,1,13.26,13.26
500990,200497,270,2,9.08,18.16
500991,200497,269,3,7.31,21.93
500992,200498,253,1,21.13,21.13
500993,200498,254,3,5.84,17.52
500994,200498,255,3,15.02,45.06
500995,200499,287,3,5.28,15.84
500996,200499,286,3,15.37,46.11
500997,200499,288,1,18.51,18.51
500998,200500,118,2,9.7,19.4
500999,200500,120,2,17.01,34.02
501000,200500,119,1,5.37,5.37
501001,200501,155,3,5.46,16.38
501002,200502,201,1,21.65,21.65
501003,200503,128,1,3.24,3.24
501004,200503,129,3,8.75,26.25
501005,200504,40,1,11.42,11.42
501006,200504,42,3,11.5,34.5
501007,200504,41,2,3.66,7.32
501008,200505,128,2,3.24,6.48
501009,200505,127,3,11.15,33.45
501010,200506,281,3,2.95,8.85
501011,200506,282,1,11.8,11.8
501012,200506,280,1,7.22,7.22
501013,200507,228,1,7.22,7.22
501014,200508,296,2,17.56,35.12
501015,200508,295,3,18.17,54.51
501016,200508,297,1,9.67,9.67
501017,200509,163,3,15.2,45.6
501018,200509,165,3,13.54,40.62
501019,200510,243,2,18.11,36.22
501020,200510,241,2,12.45,24.9
501021,200510,242,2,8.18,16.36
501022,200511,264,1,2.99,2.99
501023,200511,262,3,15.5,46.5
501024,200512,9,1,4.75,4.75
501025,200512,7,2,9.0,18.0
501026,200512,8,3,3.0,9.0
501027,200513,55,2,15.96,31.92
501028,200513,56,1,12.37,12.37
501029,200514,160,1,11.54,11.54
501030,200514,161,3,14.72,44.16
501031,200514,162,1,11.01,11.01
501032,200515,60,3,6.5,19.5
501033,200515,59,1,10.28,10.28
501034,200515,58,2,11.17,22.34
501035,200516,163,1,15.2,15.2
501036,200516,165,2,13.54,27.08
501037,200517,71,2,18.09,36.18
501038,200517,70,3,21.52,64.56
501039,200517,72,2,21.16,42.32
501040,200518,63,3,17.41,52.23
501041,200518,61,2,17.67,35.34
501042,200519,80,2,17.66,35.32
501043,200519,79,2,12.95,25.9
501044,200520,104,1,12.64,12.64
501045,200520,103,2,21.83,43.66
501046,200521,121,3,12.42,37.26
501047,200521,123,1,5.54,5.54
501048,200521,122,2,12.25,24.5
501049,200522,64,2,9.63,19.26
501050,200522,65,3,22.0,66.0
501051,200523,294,1,12.52,12.52
501052,200523,292,3,15.79,47.37
501053,200523,293,2,21.43,42.86
501054,200524,164,2,20.18,40.36
501055,200525,86,1,19.66,19.66
501056,200526,287,2,5.28,10.56
501057,200526,288,1,18.51,18.51
501058,200527,178,1,20.62,20.62
501059,200527,179,2,3.0,6.0
501060,200527,180,1,14.64,14.64
501061,200528,88,1,3.78,3.78
501062,200528,90,3,11.26,33.78
501063,200528,89,2,15.49,30.98
501064,200529,171,3,13.18,39.54
501065,200530,12,1,3.75,3.75
501066,200530,11,2,9.5,19.0
501067,200531,64,1,9.63,9.63
501068,200532,127,3,11.15,33.45
501069,200533,196,3,12.23,36.69
501070,200534,170,1,18.26,18.26
501071,200534,169,2,20.22,40.44
501072,200534,171,3,13.18,39.54
501073,200535,79,1,12.95,12.95
501074,200535,81,3,3.77,11.31
501075,200535,80,1,17.66,17.66
501076,200536,82,1,17.93,17.93
501077,200536,84,1,8.57,8.57
501078,200537,249,2,21.02,42.04
501079,200537,248,2,4.96,9.92
501080,200538,168,1,14.34,14.34
501081,200538,166,1,17.6,17.6
501082,200539,154,2,18.18,36.36
501083,200539,155,3,5.46,16.38
501084,200539,156,1,6.91,6.91
501085,200540,91,3,13.6,40.8
501086,200541,226,3,2.95,8.85
501087,200542,94,1,6.56,6.56
501088,200542,95,3,19.18,57.54
501089,200543,167,1,17.9,17.9
501090,200543,166,3,17.6,52.8
501091,200543,168,1,14.34,14.34
501092,200544,136,1,15.65,15.65
501093,200544,138,3,21.55,64.65
501094,200544,137,2,18.0,36.0
501095,200545,64,1,9.63,9.63
501096,200545,65,2,22.0,44.0
501097,200545,66,1,4.86,4.86
501098,200546,33,3,6.66,19.98
501099,200547,155,3,5.46,16.38
501100,200548,50,3,8.12,24.36
501101,200549,260,3,11.42,34.26
501102,200549,261,1,5.31,5.31
501103,200550,89,3,15.49,46.47
501104,200550,90,3,11.26,33.78
501105,200550,88,3,3.78,11.34
501106,200551,16,1,12.59,12.59
501107,200551,17,1,5.12,5.12
501108,200552,180,1,14.64,14.64
501109,200553,125,3,10.23,30.69
501110,200553,126,3,19.36,58.08
501111,200553,124,2,6.88,13.76
501112,200554,53,2,14.71,29.42
501113,200555,228,2,7.22,14.44
501114,200556,145,2,9.68,19.36
501115,200556,147,3,20.62,61.86
501116,200556,146,3,19.38,58.14
501117,200557,98,2,21.5,43.0
501118,200557,99,2,3.35,6.7
501119,200558,174,3,21.31,63.93
501120,200558,172,3,16.04,48.12
501121,200558,173,2,9.21,18.42
501122,200559,17,1,5.12,5.12
501123,200559,16,1,12.59,12.59
501124,200560,118,2,9.7,19.4
501125,200560,119,2,5.37,10.74
501126,200561,271,3,13.47,40.41
501127,200561,273,1,18.87,18.87
501128,200562,264,3,2.99,8.97
501129,200563,262,1,15.5,15.5
501130,200563,264,2,2.99,5.98
501131,200563,263,2,15.06,30.12
501132,200564,199,3,7.4,22.2
501133,200565,291,2,4.35,8.7
501134,200566,165,2,13.54,27.08
501135,200566,163,3,15.2,45.6
501136,200567,8,1,3.0,3.0
501137,200568,71,2,18.09,36.18
501138,200568,72,3,21.16,63.48
501139,200568,70,2,21.52,43.04
501140,200569,32,3,12.66,37.98
501141,200570,283,2,16.84,33.68
501142,200570,284,3,13.83,41.49
501143,200570,285,1,10.75,10.75
501144,200571,96,2,18.83,37.66
501145,200572,210,2,7.0,14.0
501146,200572,208,3,4.77,14.31
501147,200573,191,3,6.96,20.88
501148,200574,41,1,3.66,3.66
501149,200574,40,1,11.42,11.42
501150,200574,42,3,11.5,34.5
501151,200575,103,3,21.83,65.49
501152,200575,105,1,20.25,20.25
501153,200575,104,3,12.64,37.92
501154,200576,4,3,12.0,36.0
501155,200577,137,3,18.0,54.0
501156,200578,13,2,12.65,25.3
501157,200578,15,2,3.67,7.34
501158,200578,14,3,10.43,31.29
501159,200579,66,3,4.86,14.58
501160,200580,228,3,7.22,21.66
501161,200581,150,3,9.84,29.52
501162,200581,149,2,4.33,8.66
501163,200581,148,3,16.44,49.32
501164,200582,106,1,3.07,3.07
501165,200582,107,3,9.78,29.34
501166,200582,108,2,6.37,12.74
501167,200583,37,1,5.24,5.24
501168,200583,39,3,3.13,9.39
501169,200583,38,3,17.88,53.64
501170,200584,105,3,20.25,60.75
501171,200584,103,2,21.83,43.66
501172,200584,104,1,12.64,12.64
501173,200585,73,2,18.86,37.72
501174,200585,75,2,18.5,37.0
501175,200585,74,2,18.83,37.66
501176,200586,42,3,11.5,34.5
501177,200586,41,3,3.66,10.98
501178,200587,124,2,6.88,13.76
501179,200587,125,2,10.23,20.46
501180,200588,215,3,15.15,45.45
501181,200588,214,2,5.44,10.88
501182,200588,216,1,16.56,16.56
501183,200589,148,2,16.44,32.88
501184,200590,231,1,21.49,21.49
501185,200590,229,2,15.06,30.12
501186,200590,230,2,3.6,7.2
501187,200591,177,2,6.23,12.46
501188,200592,115,3,8.65,25.95
501189,200593,92,1,3.95,3.95
501190,200593,91,2,13.6,27.2
501191,200594,10,3,10.5,31.5
501192,200594,12,3,3.75,11.25
501193,200595,196,3,12.23,36.69
501194,200596,105,2,20.25,40.5
501195,200596,103,2,21.83,43.66
501196,200597,38,3,17.88,53.64
501197,200598,187,3,11.29,33.87
501198,200598,188,1,16.89,16.89
501199,200598,189,1,8.56,8.56
501200,200599,134,1,20.95,20.95
501201,200599,133,2,14.97,29.94
501202,200599,135,2,21.11,42.22
501203,200600,167,2,17.9,35.8
501204,200600,166,1,17.6,17.6
501205,200601,240,3,6.83,20.49
501206,200601,238,1,12.59,12.59
501207,200601,239,2,21.55,43.1
501208,200602,108,2,6.37,12.74
501209,200602,106,3,3.07,9.21
501210,200603,95,1,19.18,19.18
501211,200603,96,3,18.83,56.49
501212,200603,94,3,6.56,19.68
501213,200604,152,1,4.86,4.86
501214,200604,151,3,9.31,27.93
501215,200605,10,1,10.5,10.5
501216,200606,289,2,6.85,13.7
501217,200607,232,2,3.96,7.92
501218,200607,234,3,21.31,63.93
501219,200607,233,2,19.92,39.84
501220,200608,32,3,12.66,37.98
501221,200609,9,1,4.75,4.75
501222,200609,7,1,9.0,9.0
501223,200609,8,1,3.0,3.0
501224,200610,141,2,9.31,18.62
501225,200611,143,2,3.93,7.86
501226,200611,142,3,16.87,50.61
501227,200611,144,2,6.32,12.64
501228,200612,111,2,20.13,40.26
501229,200612,110,2,18.14,36.28
501230,200613,29,2,8.09,16.18
501231,200613,30,2,4.96,9.92
501232,200614,227,2,6.06,12.12
501233,200614,228,3,7.22,21.66
501234,200615,232,1,3.96,3.96
501235,200615,233,3,19.92,59.76
501236,200616,201,2,21.65,43.3
501237,200617,250,3,4.57,13.71
501238,200617,251,3,16.39,49.17
501239,200618,152,2,4.86,9.72
501240,200619,201,2,21.65,43.3
501241,200619,200,1,7.1,7.1
501242,200619,199,2,7.4,14.8
501243,200620,152,3,4.86,14.58
501244,200620,153,3,12.25,36.75
501245,200621,14,1,10.43,10.43
501246,200621,15,2,3.67,7.34
501247,200621,13,2,12.65,25.3
501248,200622,107,3,9.78,29.34
501249,200623,136,1,15.65,15.65
501250,200623,138,2,21.55,43.1
501251,200623,137,3,18.0,54.0
501252,200624,282,2,11.8,23.6
501253,200625,177,3,6.23,18.69
501254,200625,176,1,14.53,14.53
501255,200625,175,1,5.51,5.51
501256,200626,259,3,9.7,29.1
501257,200626,261,2,5.31,10.62
501258,200626,260,2,11.42,22.84
501259,200627,93,2,11.07,22.14
501260,200628,81,3,3.77,11.31
501261,200628,80,3,17.66,52.98
501262,200628,79,3,12.95,38.85
501263,200629,99,3,3.35,10.05
501264,200629,97,1,9.01,9.01
501265,200629,98,3,21.5,64.5
501266,200630,242,3,8.18,24.54
501267,200630,241,2,12.45,24.9
501268,200630,243,3,18.11,54.33
501269,200631,164,3,20.18,60.54
501270,200631,165,2,13.54,27.08
501271,200631,163,3,15.2,45.6
501272,200632,155,2,5.46,10.92
501273,200632,154,2,18.18,36.36
501274,200633,208,3,4.77,14.31
501275,200634,272,1,15.15,15.15
501276,200634,271,1,13.47,13.47
501277,200634,273,2,18.87,37.74
501278,200635,64,1,9.63,9.63
501279,200636,245,2,14.71,29.42
501280,200636,244,1,18.62,18.62
501281,200637,271,3,13.47,40.41
501282,200638,295,1,18.17,18.17
501283,200639,34,3,12.42,37.26
501284,200639,36,2,6.01,12.02
501285,200639,35,1,16.85,16.85
501286,200640,235,1,13.1,13.1
501287,200640,237,1,17.49,17.49
501288,200640,236,2,3.58,7.16
501289,200641,289,1,6.85,6.85
501290,200641,291,2,4.35,8.7
501291,200642,98,1,21.5,21.5
501292,200642,99,2,3.35,6.7
501293,200642,97,1,9.01,9.01
501294,200643,10,3,10.5,31.5
501295,200644,267,1,9.88,9.88
501296,200644,265,1,19.51,19.51
501297,200645,270,1,9.08,9.08
501298,200645,268,3,3.75,11.25
501299,200645,269,3,7.31,21.93
501300,200646,226,1,2.95,2.95
501301,200646,227,1,6.06,6.06
501302,200646,228,1,7.22,7.22
501303,200647,203,3,3.88,11.64
501304,200647,202,3,10.5,31.5
501305,200648,18,3,21.46,64.38
501306,200648,17,1,5.12,5.12
501307,200648,16,3,12.59,37.77
501308,200649,17,1,5.12,5.12
501309,200649,18,3,21.46,64.38
501310,200650,296,3,17.56,52.68
501311,200650,297,1,9.67,9.67
501312,200651,200,2,7.1,14.2
501313,200652,118,2,9.7,19.4
501314,200652,119,1,5.37,5.37
501315,200652,120,1,17.01,17.01
501316,200653,99,2,3.35,6.7
501317,200653,98,1,21.5,21.5
501318,200653,97,3,9.01,27.03
501319,200654,34,2,12.42,24.84
501320,200654,36,2,6.01,12.02
501321,200655,167,1,17.9,17.9
501322,200655,168,3,14.34,43.02
501323,200655,166,3,17.6,52.8
501324,200656,142,2,16.87,33.74
501325,200656,143,2,3.93,7.86
501326,200657,164,2,20.18,40.36
501327,200657,163,3,15.2,45.6
501328,200657,165,3,13.54,40.62
501329,200658,167,2,17.9,35.8
501330,200659,212,2,2.68,5.36
501331,200659,211,3,7.71,23.13
501332,200659,213,1,18.76,18.76
501333,200660,279,3,9.05,27.15
501334,200660,278,1,3.72,3.72
501335,200661,232,3,3.96,11.88
501336,200662,85,3,15.48,46.44
501337,200663,117,2,7.09,14.18
501338,200664,94,3,6.56,19.68
501339,200665,64,1,9.63,9.63
501340,200666,281,2,2.95,5.9
501341,200666,282,3,11.8,35.4
501342,200667,261,3,5.31,15.93
501343,200667,259,1,9.7,9.7
501344,200667,260,3,11.42,34.26
501345,200668,43,1,15.53,15.53
501346,200668,45,3,7.09,21.27
501347,200668,44,2,21.14,42.28
501348,200669,168,1,14.34,14.34
501349,200670,200,2,7.1,14.2
501350,200670,199,1,7.4,7.4
501351,200670,201,3,21.65,64.95
501352,200671,4,1,12.0,12.0
501353,200671,6,3,4.5,13.5
501354,200671,5,3,14.0,42.0
501355,200672,216,2,16.56,33.12
501356,200673,59,2,10.28,20.56
501357,200673,60,1,6.5,6.5
501358,200674,115,1,8.65,8.65
501359,200674,117,3,7.09,21.27
501360,200675,247,3,13.01,39.03
501361,200676,231,3,21.49,64.47
501362,200677,84,3,8.57,25.71
501363,200678,179,1,3.0,3.0
501364,200678,180,2,14.64,29.28
501365,200679,79,3,12.95,38.85
501366,200680,171,3,13.18,39.54
501367,200680,170,1,18.26,18.26
501368,200681,167,3,17.9,53.7
501369,200681,166,2,17.6,35.2
501370,200682,147,1,20.62,20.62
501371,200682,146,3,19.38,58.14
501372,200682,145,2,9.68,19.36
501373,200683,243,1,18.11,18.11
501374,200683,242,1,8.18,8.18
501375,200683,241,1,12.45,12.45
501376,200684,276,2,17.66,35.32
501377,200685,129,1,8.75,8.75
501378,200685,127,3,11.15,33.45
501379,200686,71,3,18.09,54.27
501380,200686,72,2,21.16,42.32
501381,200687,157,1,18.85,18.85
501382,200687,159,3,19.05,57.15
501383,200688,97,1,9.01,9.01
501384,200688,98,3,21.5,64.5
501385,200688,99,2,3.35,6.7
501386,200689,59,3,10.28,30.84
501387,200689,58,2,11.17,22.34
501388,200690,240,1,6.83,6.83
501389,200691,204,3,12.34,37.02
501390,200691,202,1,10.5,10.5
501391,200691,203,2,3.88,7.76
501392,200692,65,3,22.0,66.0
501393,200692,66,2,4.86,9.72
501394,200693,114,1,19.65,19.65
501395,200693,113,3,17.39,52.17
501396,200693,112,3,13.69,41.07
501397,200694,22,1,16.13,16.13
501398,200694,24,2,12.55,25.1
501399,200694,23,2,4.7,9.4
501400,200695,202,1,10.5,10.5
501401,200695,204,1,12.34,12.34
501402,200695,203,3,3.88,11.64
501403,200696,246,2,19.29,38.58
501404,200696,245,2,14.71,29.42
501405,200696,244,2,18.62,37.24
501406,200697,69,3,14.61,43.83
501407,200697,67,1,3.61,3.61
501408,200697,68,2,5.04,10.08
501409,200698,132,1,6.45,6.45
501410,200699,46,3,15.6,46.8
501411,200699,48,2,17.84,35.68
501412,200700,175,1,5.51,5.51
501413,200701,250,3,4.57,13.71
501414,200701,252,1,14.48,14.48
501415,200701,251,1,16.39,16.39
501416,200702,38,2,17.88,35.76
501417,200703,252,2,14.48,28.96
501418,200703,250,3,4.57,13.71
501419,200704,277,2,12.21,24.42
501420,200705,291,1,4.35,4.35
501421,200705,289,2,6.85,13.7
501422,200705,290,2,19.48,38.96
501423,200706,184,2,4.34,8.68
501424,200707,38,2,17.88,35.76
501425,200707,37,1,5.24,5.24
501426,200708,78,2,18.16,36.32
501427,200708,76,2,2.51,5.02
501428,200708,77,2,20.36,40.72
501429,200709,290,3,19.48,58.44
501430,200709,291,3,4.35,13.05
501431,200709,289,1,6.85,6.85
501432,200710,201,1,21.65,21.65
501433,200711,229,2,15.06,30.12
501434,200711,231,3,21.49,64.47
501435,200712,179,3,3.0,9.0
501436,200712,178,1,20.62,20.62
501437,200712,180,2,14.64,29.28
501438,200713,131,3,3.14,9.42
501439,200713,130,3,16.73,50.19
501440,200714,124,2,6.88,13.76
501441,200714,125,1,10.23,10.23
501442,200715,259,2,9.7,19.4
501443,200716,126,3,19.36,58.08
501444,200717,10,3,10.5,31.5
501445,200717,12,1,3.75,3.75
501446,200717,11,3,9.5,28.5
501447,200718,212,2,2.68,5.36
501448,200718,213,2,18.76,37.52
501449,200719,218,3,9.86,29.58
501450,200719,219,3,18.8,56.4
501451,200720,226,2,2.95,5.9
501452,200720,228,2,7.22,14.44
501453,200721,135,2,21.11,42.22
501454,200722,217,1,16.87,16.87
501455,200722,218,1,9.86,9.86
501456,200722,219,1,18.8,18.8
501457,200723,107,3,9.78,29.34
501458,200723,108,1,6.37,6.37
501459,200723,106,2,3.07,6.14
501460,200724,165,2,13.54,27.08
501461,200724,164,3,20.18,60.54
501462,200725,162,3,11.01,33.03
501463,200725,161,3,14.72,44.16
501464,200725,160,1,11.54,11.54
501465,200726,112,2,13.69,27.38
501466,200727,152,3,4.86,14.58
501467,200727,153,2,12.25,24.5
501468,200727,151,1,9.31,9.31
501469,200728,135,2,21.11,42.22
501470,200728,133,1,14.97,14.97
501471,200728,134,2,20.95,41.9
501472,200729,99,1,3.35,3.35
501473,200730,48,3,17.84,53.52
501474,200731,234,1,21.31,21.31
501475,200731,233,1,19.92,19.92
501476,200731,232,3,3.96,11.88
501477,200732,93,1,11.07,11.07
501478,200732,92,3,3.95,11.85
501479,200733,268,2,3.75,7.5
501480,200733,270,1,9.08,9.08
501481,200734,291,3,4.35,13.05
501482,200734,290,3,19.48,58.44
501483,200734,289,2,6.85,13.7
501484,200735,203,3,3.88,11.64
501485,200735,202,2,10.5,21.0
501486,200735,204,1,12.34,12.34
501487,200736,181,3,3.27,9.81
501488,200737,241,3,12.45,37.35
501489,200737,243,3,18.11,54.33
501490,200737,242,3,8.18,24.54
501491,200738,154,2,18.18,36.36
501492,200738,155,2,5.46,10.92
501493,200739,73,2,18.86,37.72
501494,200739,74,3,18.83,56.49
501495,200740,229,1,15.06,15.06
501496,200741,172,3,16.04,48.12
501497,200741,174,3,21.31,63.93
501498,200741,173,1,9.21,9.21
501499,200742,77,2,20.36,40.72
501500,200742,78,3,18.16,54.48
501501,200742,76,1,2.51,2.51
501502,200743,92,1,3.95,3.95
501503,200744,140,2,3.75,7.5
501504,200744,139,2,12.55,25.1
501505,200745,188,3,16.89,50.67
501506,200745,187,2,11.29,22.58
501507,200746,141,2,9.31,18.62
501508,200747,203,2,3.88,7.76
501509,200747,204,1,12.34,12.34
501510,200747,202,1,10.5,10.5
501511,200748,34,2,12.42,24.84
501512,200748,35,1,16.85,16.85
501513,200748,36,2,6.01,12.02
501514,200749,156,1,6.91,6.91
501515,200750,29,2,8.09,16.18
501516,200751,292,2,15.79,31.58
501517,200751,293,2,21.43,42.86
501518,200752,50,3,8.12,24.36
501519,200752,51,3,17.81,53.43
501520,200753,222,3,5.52,16.56
501521,200753,220,3,15.9,47.7
501522,200754,281,1,2.95,2.95
501523,200754,282,1,11.8,11.8
501524,200754,280,1,7.22,7.22
501525,200755,205,3,4.37,13.11
501526,200755,206,1,5.26,5.26
501527,200755,207,3,11.1,33.3
501528,200756,196,1,12.23,12.23
501529,200756,197,2,13.27,26.54
501530,200756,198,1,20.43,20.43
501531,200757,29,3,8.09,24.27
501532,200758,278,2,3.72,7.44
501533,200758,277,1,12.21,12.21
501534,200758,279,2,9.05,18.1
501535,200759,91,3,13.6,40.8
501536,200759,92,3,3.95,11.85
501537,200760,51,3,17.81,53.43
501538,200760,49,2,13.23,26.46
501539,200760,50,1,8.12,8.12
501540,200761,253,3,21.13,63.39
501541,200761,254,1,5.84,5.84
501542,200761,255,2,15.02,30.04
501543,200762,185,3,15.26,45.78
501544,200762,184,2,4.34,8.68
501545,200763,116,3,9.09,27.27
501546,200764,231,3,21.49,64.47
501547,200764,230,2,3.6,7.2
501548,200764,229,3,15.06,45.18
501549,200765,184,2,4.34,8.68
501550,200765,185,1,15.26,15.26
501551,200766,88,1,3.78,3.78
501552,200767,261,3,5.31,15.93
501553,200767,260,3,11.42,34.26
501554,200768,30,2,4.96,9.92
501555,200768,28,2,21.68,43.36
501556,200769,92,2,3.95,7.9
501557,200769,93,1,11.07,11.07
501558,200769,91,2,13.6,27.2
501559,200770,137,1,18.0,18.0
501560,200770,138,3,21.55,64.65
501561,200771,298,2,19.27,38.54
501562,200771,299,2,11.97,23.94
501563,200771,300,2,18.81,37.62
501564,200772,93,3,11.07,33.21
501565,200773,52,3,21.54,64.62
501566,200773,54,3,14.25,42.75
501567,200774,284,3,13.83,41.49
501568,200775,229,1,15.06,15.06
501569,200776,190,2,20.33,40.66
501570,200776,192,1,21.79,21.79
501571,200777,228,3,7.22,21.66
501572,200777,227,3,6.06,18.18
501573,200778,61,1,17.67,17.67
501574,200779,188,3,16.89,50.67
501575,200779,187,3,11.29,33.87
501576,200780,168,1,14.34,14.34
501577,200780,167,1,17.9,17.9
501578,200780,166,3,17.6,52.8
501579,200781,86,2,19.66,39.32
501580,200782,257,3,13.98,41.94
501581,200783,291,1,4.35,4.35
501582,200783,290,2,19.48,38.96
501583,200783,289,2,6.85,13.7
501584,200784,245,2,14.71,29.42
501585,200784,246,3,19.29,57.87
501586,200784,244,3,18.62,55.86
501587,200785,222,3,5.52,16.56
501588,200786,249,1,21.02,21.02
501589,200787,267,2,9.88,19.76
501590,200787,266,2,7.33,14.66
501591,200787,265,3,19.51,58.53
501592,200788,88,3,3.78,11.34
501593,200789,125,2,10.23,20.46
501594,200789,124,2,6.88,13.76
501595,200789,126,1,19.36,19.36
501596,200790,89,2,15.49,30.98
501597,200791,254,2,5.84,11.68
501598,200791,253,1,21.13,21.13
501599,200791,255,1,15.02,15.02
501600,200792,134,3,20.95,62.85
501601,200793,73,1,18.86,18.86
501602,200793,74,2,18.83,37.66
501603,200794,130,3,16.73,50.19
501604,200794,131,3,3.14,9.42
501605,200794,132,1,6.45,6.45
501606,200795,248,3,4.96,14.88
501607,200795,247,2,13.01,26.02
501608,200795,249,3,21.02,63.06
501609,200796,219,3,18.8,56.4
501610,200796,217,1,16.87,16.87
501611,200796,218,1,9.86,9.86
501612,200797,63,1,17.41,17.41
501613,200798,200,3,7.1,21.3
501614,200798,199,2,7.4,14.8
501615,200798,201,2,21.65,43.3
501616,200799,185,1,15.26,15.26
501617,200799,184,1,4.34,4.34
501618,200799,186,1,7.13,7.13
501619,200800,296,1,17.56,17.56
501620,200800,295,1,18.17,18.17
501621,200801,8,1,3.0,3.0
501622,200801,7,2,9.0,18.0
501623,200801,9,1,4.75,4.75
501624,200802,12,3,3.75,11.25
501625,200802,11,2,9.5,19.0
501626,200803,38,2,17.88,35.76
501627,200803,37,1,5.24,5.24
501628,200803,39,2,3.13,6.26
501629,200804,88,1,3.78,3.78
501630,200804,90,2,11.26,22.52
501631,200805,273,1,18.87,18.87
501632,200805,272,2,15.15,30.3
501633,200806,284,1,13.83,13.83
501634,200806,285,2,10.75,21.5
501635,200807,185,1,15.26,15.26
501636,200808,35,3,16.85,50.55
501637,200808,34,2,12.42,24.84
501638,200808,36,1,6.01,6.01
501639,200809,126,1,19.36,19.36
501640,200810,25,3,11.58,34.74
501641,200811,185,3,15.26,45.78
501642,200811,184,2,4.34,8.68
501643,200812,159,3,19.05,57.15
501644,200812,157,2,18.85,37.7
501645,200812,158,2,7.19,14.38
501646,200813,238,2,12.59,25.18
501647,200813,239,2,21.55,43.1
501648,200814,187,1,11.29,11.29
501649,200814,189,1,8.56,8.56
501650,200814,188,3,16.89,50.67
501651,200815,234,2,21.31,42.62
501652,200815,232,2,3.96,7.92
501653,200815,233,3,19.92,59.76
501654,200816,262,2,15.5,31.0
501655,200817,238,2,12.59,25.18
501656,200817,239,2,21.55,43.1
501657,200817,240,3,6.83,20.49
501658,200818,298,1,19.27,19.27
501659,200819,288,2,18.51,37.02
501660,200820,184,2,4.34,8.68
501661,200820,186,3,7.13,21.39
501662,200821,184,2,4.34,8.68
501663,200821,185,2,15.26,30.52
501664,200822,162,1,11.01,11.01
501665,200823,178,3,20.62,61.86
501666,200823,180,2,14.64,29.28
501667,200824,171,2,13.18,26.36
501668,200824,169,1,20.22,20.22
501669,200825,47,2,8.19,16.38
501670,200825,48,1,17.84,17.84
501671,200825,46,1,15.6,15.6
501672,200826,198,1,20.43,20.43
501673,200826,196,2,12.23,24.46
501674,200826,197,3,13.27,39.81
501675,200827,214,2,5.44,10.88
501676,200827,215,2,15.15,30.3
501677,200828,29,1,8.09,8.09
501678,200829,282,3,11.8,35.4
501679,200829,280,1,7.22,7.22
501680,200830,220,3,15.9,47.7
501681,200830,222,2,5.52,11.04
501682,200830,221,3,21.68,65.04
501683,200831,24,3,12.55,37.65
501684,200832,277,2,12.21,24.42
501685,200832,279,2,9.05,18.1
501686,200832,278,3,3.72,11.16
501687,200833,186,1,7.13,7.13
501688,200833,185,3,15.26,45.78
501689,200834,144,3,6.32,18.96
501690,200835,8,3,3.0,9.0
501691,200835,7,3,9.0,27.0
501692,200835,9,1,4.75,4.75
501693,200836,167,1,17.9,17.9
501694,200836,166,1,17.6,17.6
501695,200836,168,1,14.34,14.34
501696,200837,75,3,18.5,55.5
501697,200838,158,3,7.19,21.57
501698,200838,157,1,18.85,18.85
501699,200839,43,2,15.53,31.06
501700,200839,44,3,21.14,63.42
501701,200839,45,2,7.09,14.18
501702,200840,69,2,14.61,29.22
501703,200840,67,3,3.61,10.83
501704,200841,146,1,19.38,19.38
501705,200842,26,3,12.46,37.38
501706,200842,25,3,11.58,34.74
501707,200842,27,2,13.43,26.86
501708,200843,193,1,12.82,12.82
501709,200843,195,1,8.4,8.4
501710,200843,194,2,19.98,39.96
501711,200844,174,1,21.31,21.31
501712,200844,172,3,16.04,48.12
501713,200845,148,2,16.44,32.88
501714,200846,155,3,5.46,16.38
501715,200846,156,2,6.91,13.82
501716,200847,67,2,3.61,7.22
501717,200847,69,2,14.61,29.22
501718,200848,162,1,11.01,11.01
501719,200848,161,3,14.72,44.16
501720,200848,160,3,11.54,34.62
501721,200849,156,1,6.91,6.91
501722,200849,154,2,18.18,36.36
501723,200849,155,2,5.46,10.92
501724,200850,264,1,2.99,2.99
501725,200850,263,1,15.06,15.06
501726,200851,246,2,19.29,38.58
501727,200852,55,3,15.96,47.88
501728,200853,275,2,6.11,12.22
501729,200853,276,2,17.66,35.32
501730,200853,274,3,8.88,26.64
501731,200854,227,2,6.06,12.12
501732,200854,226,2,2.95,5.9
501733,200855,227,2,6.06,12.12
501734,200855,228,2,7.22,14.44
501735,200855,226,1,2.95,2.95
501736,200856,124,3,6.88,20.64
501737,200856,125,3,10.23,30.69
501738,200856,126,3,19.36,58.08
501739,200857,121,2,12.42,24.84
501740,200857,123,2,5.54,11.08
501741,200858,283,3,16.84,50.52
501742,200858,284,3,13.83,41.49
501743,200858,285,3,10.75,32.25
501744,200859,300,3,18.81,56.43
501745,200859,298,1,19.27,19.27
501746,200860,127,2,11.15,22.3
501747,200861,27,1,13.43,13.43
501748,200862,26,1,12.46,12.46
501749,200862,27,2,13.43,26.86
501750,200863,215,3,15.15,45.45
501751,200864,228,3,7.22,21.66
501752,200864,226,2,2.95,5.9
501753,200864,227,3,6.06,18.18
501754,200865,259,3,9.7,29.1
501755,200865,261,2,5.31,10.62
501756,200865,260,2,11.42,22.84
501757,200866,51,1,17.81,17.81
501758,200866,50,1,8.12,8.12
501759,200866,49,1,13.23,13.23
501760,200867,27,3,13.43,40.29
501761,200868,78,2,18.16,36.32
501762,200868,77,3,20.36,61.08
501763,200869,239,3,21.55,64.65
501764,200870,277,2,12.21,24.42
501765,200871,207,1,11.1,11.1
501766,200872,116,2,9.09,18.18
501767,200872,117,1,7.09,7.09
501768,200873,183,1,20.3,20.3
501769,200873,181,3,3.27,9.81
501770,200874,256,3,13.97,41.91
501771,200874,258,1,13.88,13.88
501772,200874,257,3,13.98,41.94
501773,200875,164,1,20.18,20.18
501774,200875,165,2,13.54,27.08
501775,200875,163,3,15.2,45.6
501776,200876,285,3,10.75,32.25
501777,200877,274,1,8.88,8.88
501778,200877,276,1,17.66,17.66
501779,200878,17,1,5.12,5.12
501780,200878,16,2,12.59,25.18
501781,200878,18,1,21.46,21.46
501782,200879,281,3,2.95,8.85
501783,200879,282,3,11.8,35.4
501784,200879,280,1,7.22,7.22
501785,200880,201,2,21.65,43.3
501786,200880,199,2,7.4,14.8
501787,200880,200,3,7.1,21.3
501788,200881,182,1,9.27,9.27
501789,200882,76,2,2.51,5.02
501790,200882,78,2,18.16,36.32
501791,200883,290,1,19.48,19.48
501792,200884,225,3,21.66,64.98
501793,200884,223,2,18.22,36.44
501794,200885,248,2,4.96,9.92
501795,200885,249,1,21.02,21.02
501796,200885,247,1,13.01,13.01
501797,200886,50,2,8.12,16.24
501798,200887,210,1,7.0,7.0
501799,200887,209,2,21.82,43.64
501800,200887,208,1,4.77,4.77
501801,200888,140,3,3.75,11.25
501802,200888,139,1,12.55,12.55
501803,200888,141,1,9.31,9.31
501804,200889,50,1,8.12,8.12
501805,200890,159,1,19.05,19.05
501806,200890,157,3,18.85,56.55
501807,200891,109,3,3.52,10.56
501808,200891,111,1,20.13,20.13
501809,200891,110,3,18.14,54.42
501810,200892,214,2,5.44,10.88
501811,200892,216,1,16.56,16.56
501812,200892,215,1,15.15,15.15
501813,200893,265,1,19.51,19.51
501814,200893,266,3,7.33,21.99
501815,200894,257,1,13.98,13.98
501816,200894,256,1,13.97,13.97
501817,200895,84,3,8.57,25.71
501818,200895,82,2,17.93,35.86
501819,200896,92,3,3.95,11.85
501820,200897,97,2,9.01,18.02
501821,200897,98,2,21.5,43.0
501822,200898,149,3,4.33,12.99
501823,200898,148,2,16.44,32.88
501824,200898,150,2,9.84,19.68
501825,200899,97,3,9.01,27.03
501826,200899,99,1,3.35,3.35
501827,200900,129,3,8.75,26.25
501828,200900,128,3,3.24,9.72
501829,200901,286,3,15.37,46.11
501830,200902,17,2,5.12,10.24
501831,200902,18,2,21.46,42.92
501832,200903,117,1,7.09,7.09
501833,200903,116,1,9.09,9.09
501834,200904,293,2,21.43,42.86
501835,200905,279,2,9.05,18.1
501836,200905,277,1,12.21,12.21
501837,200905,278,2,3.72,7.44
501838,200906,177,3,6.23,18.69
501839,200907,221,2,21.68,43.36
501840,200907,222,3,5.52,16.56
501841,200907,220,1,15.9,15.9
501842,200908,146,3,19.38,58.14
501843,200908,147,1,20.62,20.62
501844,200909,82,2,17.93,35.86
501845,200910,224,3,15.23,45.69
501846,200910,223,3,18.22,54.66
501847,200911,118,1,9.7,9.7
501848,200912,238,2,12.59,25.18
501849,200912,240,2,6.83,13.66
501850,200913,20,2,10.54,21.08
501851,200914,156,1,6.91,6.91
501852,200914,155,1,5.46,5.46
501853,200914,154,1,18.18,18.18
501854,200915,228,2,7.22,14.44
501855,200915,226,1,2.95,2.95
501856,200915,227,2,6.06,12.12
501857,200916,73,2,18.86,37.72
501858,200916,74,2,18.83,37.66
501859,200917,39,1,3.13,3.13
501860,200918,88,1,3.78,3.78
501861,200918,90,1,11.26,11.26
501862,200918,89,3,15.49,46.47
501863,200919,266,1,7.33,7.33
501864,200920,292,2,15.79,31.58
501865,200920,294,3,12.52,37.56
501866,200920,293,1,21.43,21.43
501867,200921,207,2,11.1,22.2
501868,200922,229,1,15.06,15.06
501869,200922,231,1,21.49,21.49
501870,200922,230,2,3.6,7.2
501871,200923,283,2,16.84,33.68
501872,200924,99,2,3.35,6.7
501873,200925,186,1,7.13,7.13
501874,200926,179,3,3.0,9.0
501875,200926,178,2,20.62,41.24
501876,200927,220,3,15.9,47.7
501877,200928,37,1,5.24,5.24
501878,200929,54,2,14.25,28.5
501879,200929,53,3,14.71,44.13
501880,200929,52,1,21.54,21.54
501881,200930,10,3,10.5,31.5
501882,200930,12,1,3.75,3.75
501883,200931,125,2,10.23,20.46
501884,200931,124,1,6.88,6.88
501885,200932,108,1,6.37,6.37
501886,200933,171,2,13.18,26.36
501887,200933,169,3,20.22,60.66
501888,200934,212,1,2.68,2.68
501889,200934,213,1,18.76,18.76
501890,200934,211,3,7.71,23.13
501891,200935,270,3,9.08,27.24
501892,200935,269,3,7.31,21.93
501893,200935,268,2,3.75,7.5
501894,200936,29,1,8.09,8.09
501895,200936,30,3,4.96,14.88
501896,200937,270,1,9.08,9.08
501897,200937,269,1,7.31,7.31
501898,200937,268,3,3.75,11.25
501899,200938,191,2,6.96,13.92
501900,200938,190,1,20.33,20.33
501901,200938,192,2,21.79,43.58
501902,200939,56,1,12.37,12.37
501903,200940,67,2,3.61,7.22
501904,200941,294,2,12.52,25.04
501905,200941,293,1,21.43,21.43
501906,200942,155,2,5.46,10.92
501907,200942,154,3,18.18,54.54
501908,200943,243,1,18.11,18.11
501909,200943,241,3,12.45,37.35
501910,200944,299,2,11.97,23.94
501911,200945,269,1,7.31,7.31
501912,200945,270,2,9.08,18.16
501913,200945,268,1,3.75,3.75
501914,200946,190,1,20.33,20.33
501915,200947,121,3,12.42,37.26
501916,200947,123,3,5.54,16.62
501917,200947,122,1,12.25,12.25
501918,200948,244,2,18.62,37.24
501919,200948,245,2,14.71,29.42
501920,200948,246,1,19.29,19.29
501921,200949,204,1,12.34,12.34
501922,200949,202,1,10.5,10.5
501923,200949,203,3,3.88,11.64
501924,200950,107,1,9.78,9.78
501925,200950,106,2,3.07,6.14
501926,200950,108,1,6.37,6.37
501927,200951,80,2,17.66,35.32
501928,200951,79,3,12.95,38.85
501929,200952,216,1,16.56,16.56
501930,200953,37,2,5.24,10.48
501931,200953,39,2,3.13,6.26
501932,200953,38,2,17.88,35.76
501933,200954,52,1,21.54,21.54
501934,200955,259,1,9.7,9.7
501935,200955,261,3,5.31,15.93
501936,200955,260,3,11.42,34.26
501937,200956,222,1,5.52,5.52
501938,200957,116,1,9.09,9.09
501939,200957,115,2,8.65,17.3
501940,200957,117,1,7.09,7.09
501941,200958,295,2,18.17,36.34
501942,200958,296,2,17.56,35.12
501943,200959,49,2,13.23,26.46
501944,200960,46,2,15.6,31.2
501945,200960,48,2,17.84,35.68
501946,200960,47,2,8.19,16.38
501947,200961,87,1,6.63,6.63
501948,200962,65,1,22.0,22.0
501949,200962,64,2,9.63,19.26
501950,200962,66,3,4.86,14.58
501951,200963,43,3,15.53,46.59
501952,200963,45,1,7.09,7.09
501953,200963,44,1,21.14,21.14
501954,200964,138,3,21.55,64.65
501955,200964,137,2,18.0,36.0
501956,200964,136,2,15.65,31.3
501957,200965,145,1,9.68,9.68
501958,200965,146,2,19.38,38.76
501959,200965,147,1,20.62,20.62
501960,200966,199,2,7.4,14.8
501961,200966,200,2,7.1,14.2
501962,200967,220,2,15.9,31.8
501963,200968,104,1,12.64,12.64
501964,200969,247,2,13.01,26.02
501965,200969,249,2,21.02,42.04
501966,200970,109,2,3.52,7.04
501967,200971,44,3,21.14,63.42
501968,200971,43,1,15.53,15.53
501969,200971,45,3,7.09,21.27
501970,200972,77,2,20.36,40.72
501971,200972,78,3,18.16,54.48
501972,200973,151,1,9.31,9.31
501973,200973,153,3,12.25,36.75
501974,200973,152,2,4.86,9.72
501975,200974,43,2,15.53,31.06
501976,200974,45,3,7.09,21.27
501977,200975,50,2,8.12,16.24
501978,200976,292,2,15.79,31.58
501979,200976,293,3,21.43,64.29
501980,200976,294,2,12.52,25.04
501981,200977,169,2,20.22,40.44
501982,200978,225,2,21.66,43.32
501983,200979,169,2,20.22,40.44
501984,200980,195,2,8.4,16.8
501985,200980,193,3,12.82,38.46
501986,200981,221,1,21.68,21.68
501987,200981,222,2,5.52,11.04
501988,200982,232,2,3.96,7.92
501989,200982,234,2,21.31,42.62
501990,200982,233,2,19.92,39.84
501991,200983,121,1,12.42,12.42
501992,200983,122,1,12.25,12.25
501993,200984,191,2,6.96,13.92
501994,200984,190,1,20.33,20.33
501995,200985,239,1,21.55,21.55
501996,200985,238,2,12.59,25.18
501997,200985,240,2,6.83,13.66
501998,200986,238,1,12.59,12.59
501999,200987,201,2,21.65,43.3
502000,200987,199,3,7.4,22.2
502001,200988,1,2,3.5,7.0
502002,200988,2,3,8.0,24.0
502003,200989,199,2,7.4,14.8
502004,200990,261,2,5.31,10.62
502005,200990,260,2,11.42,22.84
502006,200990,259,1,9.7,9.7
502007,200991,153,1,12.25,12.25
502008,200992,251,1,16.39,16.39
502009,200992,252,2,14.48,28.96
502010,200993,226,1,2.95,2.95
502011,200994,253,2,21.13,42.26
502012,200995,197,1,13.27,13.27
502013,200995,198,3,20.43,61.29
502014,200995,196,3,12.23,36.69
502015,200996,165,3,13.54,40.62
502016,200996,164,3,20.18,60.54
502017,200997,20,1,10.54,10.54
502018,200998,30,2,4.96,9.92
502019,200999,203,3,3.88,11.64
502020,200999,204,1,12.34,12.34
502021,200999,202,3,10.5,31.5
502022,201000,52,1,21.54,21.54
502023,201000,53,3,14.71,44.13
502024,201001,11,2,9.5,19.0
502025,201001,10,2,10.5,21.0
502026,201001,12,2,3.75,7.5
502027,201002,45,1,7.09,7.09
502028,201002,44,1,21.14,21.14
502029,201002,43,3,15.53,46.59
502030,201003,206,2,5.26,10.52
502031,201004,291,3,4.35,13.05
502032,201005,71,2,18.09,36.18
502033,201005,72,2,21.16,42.32
502034,201005,70,3,21.52,64.56
502035,201006,46,2,15.6,31.2
502036,201007,267,1,9.88,9.88
502037,201007,265,3,19.51,58.53
502038,201008,290,3,19.48,58.44
502039,201009,209,2,21.82,43.64
502040,201010,271,1,13.47,13.47
502041,201010,272,2,15.15,30.3
502042,201011,288,3,18.51,55.53
502043,201011,286,1,15.37,15.37
502044,201011,287,3,5.28,15.84
502045,201012,156,2,6.91,13.82
502046,201012,154,3,18.18,54.54
502047,201012,155,1,5.46,5.46
502048,201013,8,3,3.0,9.0
502049,201014,120,1,17.01,17.01
502050,201014,118,2,9.7,19.4
502051,201015,141,1,9.31,9.31
502052,201015,139,3,12.55,37.65
502053,201015,140,2,3.75,7.5
502054,201016,255,1,15.02,15.02
502055,201016,254,1,5.84,5.84
502056,201017,50,2,8.12,16.24
502057,201017,49,1,13.23,13.23
502058,201017,51,1,17.81,17.81
502059,201018,213,2,18.76,37.52
502060,201019,75,1,18.5,18.5
502061,201019,73,1,18.86,18.86
502062,201020,235,2,13.1,26.2
502063,201021,177,2,6.23,12.46
502064,201021,175,1,5.51,5.51
502065,201022,122,3,12.25,36.75
502066,201022,121,1,12.42,12.42
502067,201023,123,1,5.54,5.54
502068,201023,121,1,12.42,12.42
502069,201023,122,1,12.25,12.25
502070,201024,175,1,5.51,5.51
502071,201025,158,1,7.19,7.19
502072,201026,72,1,21.16,21.16
502073,201027,29,1,8.09,8.09
502074,201027,28,1,21.68,21.68
502075,201027,30,3,4.96,14.88
502076,201028,269,1,7.31,7.31
502077,201028,270,3,9.08,27.24
502078,201029,46,3,15.6,46.8
502079,201030,258,1,13.88,13.88
502080,201030,257,1,13.98,13.98
502081,201031,38,3,17.88,53.64
502082,201032,170,2,18.26,36.52
502083,201033,254,1,5.84,5.84
502084,201033,255,3,15.02,45.06
502085,201033,253,3,21.13,63.39
502086,201034,286,2,15.37,30.74
502087,201035,162,3,11.01,33.03
502088,201035,160,3,11.54,34.62
502089,201035,161,1,14.72,14.72
502090,201036,294,3,12.52,37.56
502091,201036,292,3,15.79,47.37
502092,201036,293,1,21.43,21.43
502093,201037,185,3,15.26,45.78
502094,201038,147,3,20.62,61.86
502095,201039,128,2,3.24,6.48
502096,201039,127,1,11.15,11.15
502097,201039,129,1,8.75,8.75
502098,201040,142,2,16.87,33.74
502099,201041,48,3,17.84,53.52
502100,201041,47,3,8.19,24.57
502101,201041,46,2,15.6,31.2
502102,201042,50,2,8.12,16.24
502103,201042,51,2,17.81,35.62
502104,201042,49,1,13.23,13.23
502105,201043,185,1,15.26,15.26
502106,201043,186,1,7.13,7.13
502107,201044,63,3,17.41,52.23
502108,201044,61,1,17.67,17.67
502109,201045,37,3,5.24,15.72
502110,201045,39,1,3.13,3.13
502111,201046,217,2,16.87,33.74
502112,201046,219,2,18.8,37.6
502113,201047,248,1,4.96,4.96
502114,201047,249,2,21.02,42.04
502115,201048,6,2,4.5,9.0
502116,201048,4,2,12.0,24.0
502117,201049,23,2,4.7,9.4
502118,201049,24,1,12.55,12.55
502119,201050,257,2,13.98,27.96
502120,201050,256,1,13.97,13.97
502121,201051,23,2,4.7,9.4
502122,201051,22,2,16.13,32.26
502123,201052,142,3,16.87,50.61
502124,201052,144,2,6.32,12.64
502125,201052,143,1,3.93,3.93
502126,201053,200,2,7.1,14.2
502127,201053,199,3,7.4,22.2
502128,201054,157,3,18.85,56.55
502129,201055,185,1,15.26,15.26
502130,201056,122,2,12.25,24.5
502131,201056,123,3,5.54,16.62
502132,201057,219,3,18.8,56.4
502133,201057,218,3,9.86,29.58
502134,201057,217,2,16.87,33.74
502135,201058,243,3,18.11,54.33
502136,201058,242,1,8.18,8.18
502137,201058,241,3,12.45,37.35
502138,201059,85,1,15.48,15.48
502139,201059,86,1,19.66,19.66
502140,201059,87,2,6.63,13.26
502141,201060,188,1,16.89,16.89
502142,201060,189,3,8.56,25.68
502143,201060,187,2,11.29,22.58
502144,201061,160,1,11.54,11.54
502145,201062,103,2,21.83,43.66
502146,201063,189,2,8.56,17.12
502147,201064,283,3,16.84,50.52
502148,201065,93,2,11.07,22.14
502149,201066,87,3,6.63,19.89
502150,201066,86,1,19.66,19.66
502151,201066,85,3,15.48,46.44
502152,201067,50,1,8.12,8.12
502153,201068,91,2,13.6,27.2
502154,201069,280,2,7.22,14.44
502155,201070,222,3,5.52,16.56
502156,201071,91,2,13.6,27.2
502157,201071,92,3,3.95,11.85
502158,201071,93,3,11.07,33.21
502159,201072,51,3,17.81,53.43
502160,201072,50,1,8.12,8.12
502161,201072,49,3,13.23,39.69
502162,201073,46,1,15.6,15.6
502163,201073,47,2,8.19,16.38
502164,201073,48,1,17.84,17.84
502165,201074,197,2,13.27,26.54
502166,201074,198,1,20.43,20.43
502167,201074,196,3,12.23,36.69
502168,201075,237,2,17.49,34.98
502169,201075,235,1,13.1,13.1
502170,201076,107,2,9.78,19.56
502171,201076,106,3,3.07,9.21
502172,201076,108,1,6.37,6.37
502173,201077,216,2,16.56,33.12
502174,201077,214,1,5.44,5.44
502175,201077,215,1,15.15,15.15
502176,201078,98,1,21.5,21.5
502177,201078,97,1,9.01,9.01
502178,201078,99,2,3.35,6.7
502179,201079,139,1,12.55,12.55
502180,201079,140,2,3.75,7.5
502181,201080,56,2,12.37,24.74
502182,201080,57,1,4.06,4.06
502183,201081,136,1,15.65,15.65
502184,201081,137,3,18.0,54.0
502185,201081,138,2,21.55,43.1
502186,201082,22,3,16.13,48.39
502187,201083,214,2,5.44,10.88
502188,201084,232,2,3.96,7.92
502189,201084,234,2,21.31,42.62
502190,201085,49,2,13.23,26.46
502191,201085,50,1,8.12,8.12
502192,201085,51,2,17.81,35.62
502193,201086,214,2,5.44,10.88
502194,201086,216,3,16.56,49.68
502195,201086,215,2,15.15,30.3
502196,201087,211,1,7.71,7.71
502197,201087,212,1,2.68,2.68
502198,201088,293,3,21.43,64.29
502199,201088,294,2,12.52,25.04
502200,201089,68,2,5.04,10.08
502201,201090,276,1,17.66,17.66
502202,201090,275,1,6.11,6.11
502203,201090,274,1,8.88,8.88
502204,201091,176,3,14.53,43.59
502205,201092,118,3,9.7,29.1
502206,201092,120,1,17.01,17.01
502207,201093,252,3,14.48,43.44
502208,201093,251,2,16.39,32.78
502209,201094,167,3,17.9,53.7
502210,201095,217,3,16.87,50.61
502211,201096,57,2,4.06,8.12
502212,201096,55,1,15.96,15.96
502213,201097,271,2,13.47,26.94
502214,201097,273,3,18.87,56.61
502215,201097,272,3,15.15,45.45
502216,201098,299,1,11.97,11.97
502217,201098,298,1,19.27,19.27
502218,201099,232,1,3.96,3.96
502219,201099,234,1,21.31,21.31
502220,201100,83,1,13.58,13.58
502221,201100,82,1,17.93,17.93
502222,201101,223,3,18.22,54.66
502223,201101,224,1,15.23,15.23
502224,201102,236,3,3.58,10.74
502225,201102,237,2,17.49,34.98
502226,201102,235,3,13.1,39.3
502227,201103,269,3,7.31,21.93
502228,201103,268,1,3.75,3.75
502229,201103,270,2,9.08,18.16
502230,201104,263,3,15.06,45.18
502231,201104,264,3,2.99,8.97
502232,201104,262,2,15.5,31.0
502233,201105,88,1,3.78,3.78
502234,201105,89,2,15.49,30.98
502235,201106,232,3,3.96,11.88
502236,201107,141,1,9.31,9.31
502237,201107,140,1,3.75,3.75
502238,201108,82,3,17.93,53.79
502239,201109,81,1,3.77,3.77
502240,201109,79,1,12.95,12.95
502241,201110,235,3,13.1,39.3
502242,201110,236,1,3.58,3.58
502243,201110,237,1,17.49,17.49
502244,201111,56,1,12.37,12.37
502245,201111,55,1,15.96,15.96
502246,201111,57,3,4.06,12.18
502247,201112,238,2,12.59,25.18
502248,201112,239,2,21.55,43.1
502249,201113,278,2,3.72,7.44
502250,201113,277,1,12.21,12.21
502251,201113,279,1,9.05,9.05
502252,201114,161,1,14.72,14.72
502253,201114,162,2,11.01,22.02
502254,201114,160,1,11.54,11.54
502255,201115,142,3,16.87,50.61
502256,201115,144,3,6.32,18.96
502257,201116,47,2,8.19,16.38
502258,201116,48,1,17.84,17.84
502259,201117,38,1,17.88,17.88
502260,201117,39,2,3.13,6.26
502261,201118,114,3,19.65,58.95
502262,201119,152,1,4.86,4.86
502263,201119,153,1,12.25,12.25
502264,201120,106,2,3.07,6.14
502265,201121,166,3,17.6,52.8
502266,201121,168,1,14.34,14.34
502267,201122,274,1,8.88,8.88
502268,201123,22,2,16.13,32.26
502269,201123,23,3,4.7,14.1
502270,201123,24,3,12.55,37.65
502271,201124,82,2,17.93,35.86
502272,201125,80,3,17.66,52.98
502273,201126,111,1,20.13,20.13
502274,201126,110,1,18.14,18.14
502275,201126,109,1,3.52,3.52
502276,201127,199,1,7.4,7.4
502277,201127,200,3,7.1,21.3
502278,201127,201,2,21.65,43.3
502279,201128,37,2,5.24,10.48
502280,201128,38,1,17.88,17.88
502281,201129,278,2,3.72,7.44
502282,201129,279,2,9.05,18.1
502283,201129,277,2,12.21,24.42
502284,201130,196,2,12.23,24.46
502285,201131,233,1,19.92,19.92
502286,201131,234,3,21.31,63.93
502287,201132,292,2,15.79,31.58
502288,201132,294,2,12.52,25.04
502289,201133,133,3,14.97,44.91
502290,201134,274,1,8.88,8.88
502291,201135,64,2,9.63,19.26
502292,201136,219,2,18.8,37.6
502293,201137,192,1,21.79,21.79
502294,201138,5,2,14.0,28.0
502295,201139,7,2,9.0,18.0
502296,201140,23,2,4.7,9.4
502297,201141,210,3,7.0,21.0
502298,201142,198,1,20.43,20.43
502299,201143,124,2,6.88,13.76
502300,201144,104,1,12.64,12.64
502301,201144,105,2,20.25,40.5
502302,201145,174,1,21.31,21.31
502303,201146,77,1,20.36,20.36
502304,201146,76,2,2.51,5.02
502305,201147,136,2,15.65,31.3
502306,201148,300,1,18.81,18.81
502307,201149,115,3,8.65,25.95
502308,201149,116,3,9.09,27.27
502309,201150,91,2,13.6,27.2
502310,201150,93,3,11.07,33.21
502311,201151,25,1,11.58,11.58
502312,201152,286,1,15.37,15.37
502313,201153,176,1,14.53,14.53
502314,201154,243,1,18.11,18.11
502315,201155,267,1,9.88,9.88
502316,201155,265,3,19.51,58.53
502317,201155,266,2,7.33,14.66
502318,201156,217,3,16.87,50.61
502319,201156,218,1,9.86,9.86
502320,201157,222,3,5.52,16.56
502321,201158,27,2,13.43,26.86
502322,201159,86,3,19.66,58.98
502323,201159,87,2,6.63,13.26
502324,201159,85,3,15.48,46.44
502325,201160,41,3,3.66,10.98
502326,201161,222,2,5.52,11.04
502327,201161,220,2,15.9,31.8
502328,201162,204,3,12.34,37.02
502329,201162,202,3,10.5,31.5
502330,201162,203,1,3.88,3.88
502331,201163,35,1,16.85,16.85
502332,201163,36,2,6.01,12.02
502333,201163,34,3,12.42,37.26
502334,201164,146,1,19.38,19.38
502335,201164,145,1,9.68,9.68
502336,201164,147,2,20.62,41.24
502337,201165,233,2,19.92,39.84
502338,201166,219,3,18.8,56.4
502339,201166,218,3,9.86,29.58
502340,201166,217,1,16.87,16.87
502341,201167,263,2,15.06,30.12
502342,201167,264,3,2.99,8.97
502343,201168,193,2,12.82,25.64
502344,201169,8,1,3.0,3.0
502345,201169,7,1,9.0,9.0
502346,201170,194,1,19.98,19.98
502347,201170,195,1,8.4,8.4
502348,201170,193,3,12.82,38.46
502349,201171,10,2,10.5,21.0
502350,201171,12,2,3.75,7.5
502351,201171,11,1,9.5,9.5
502352,201172,270,2,9.08,18.16
502353,201172,269,3,7.31,21.93
502354,201172,268,3,3.75,11.25
502355,201173,198,3,20.43,61.29
502356,201174,250,2,4.57,9.14
502357,201174,252,3,14.48,43.44
502358,201174,251,2,16.39,32.78
502359,201175,237,2,17.49,34.98
502360,201175,236,2,3.58,7.16
502361,201176,97,2,9.01,18.02
502362,201177,41,2,3.66,7.32
502363,201178,264,2,2.99,5.98
502364,201179,103,1,21.83,21.83
502365,201179,104,3,12.64,37.92
502366,201180,188,2,16.89,33.78
502367,201180,189,2,8.56,17.12
502368,201181,121,3,12.42,37.26
502369,201182,95,1,19.18,19.18
502370,201183,99,3,3.35,10.05
502371,201183,98,1,21.5,21.5
502372,201183,97,3,9.01,27.03
502373,201184,222,3,5.52,16.56
502374,201184,220,2,15.9,31.8
502375,201185,73,1,18.86,18.86
502376,201185,74,1,18.83,18.83
502377,201185,75,3,18.5,55.5
502378,201186,77,1,20.36,20.36
502379,201187,30,1,4.96,4.96
502380,201188,296,2,17.56,35.12
502381,201188,295,2,18.17,36.34
502382,201189,148,1,16.44,16.44
502383,201189,150,2,9.84,19.68
502384,201190,106,1,3.07,3.07
502385,201190,108,1,6.37,6.37
502386,201191,179,1,3.0,3.0
502387,201191,178,3,20.62,61.86
502388,201192,238,2,12.59,25.18
502389,201193,270,2,9.08,18.16
502390,201193,269,1,7.31,7.31
502391,201193,268,1,3.75,3.75
502392,201194,185,1,15.26,15.26
502393,201194,186,2,7.13,14.26
502394,201194,184,1,4.34,4.34
502395,201195,20,3,10.54,31.62
502396,201196,130,2,16.73,33.46
502397,201196,131,2,3.14,6.28
502398,201197,294,2,12.52,25.04
502399,201197,293,1,21.43,21.43
502400,201198,252,1,14.48,14.48
502401,201198,250,2,4.57,9.14
502402,201198,251,2,16.39,32.78
502403,201199,205,1,4.37,4.37
502404,201199,207,3,11.1,33.3
502405,201200,133,2,14.97,29.94
502406,201200,135,1,21.11,21.11
502407,201200,134,3,20.95,62.85
